/*
SQLyog Ultimate v11.11 (64 bit)
MySQL - 5.6.23 : Database - autotest
*********************************************************************
*/

/*!40101 SET NAMES utf8 */;

/*!40101 SET SQL_MODE=''*/;

/*!40014 SET @OLD_UNIQUE_CHECKS=@@UNIQUE_CHECKS, UNIQUE_CHECKS=0 */;
/*!40014 SET @OLD_FOREIGN_KEY_CHECKS=@@FOREIGN_KEY_CHECKS, FOREIGN_KEY_CHECKS=0 */;
/*!40101 SET @OLD_SQL_MODE=@@SQL_MODE, SQL_MODE='NO_AUTO_VALUE_ON_ZERO' */;
/*!40111 SET @OLD_SQL_NOTES=@@SQL_NOTES, SQL_NOTES=0 */;
CREATE DATABASE /*!32312 IF NOT EXISTS*/`autotest` /*!40100 DEFAULT CHARACTER SET latin1 */;

USE `autotest`;

/*Table structure for table `app_groups` */

DROP TABLE IF EXISTS `app_groups`;

CREATE TABLE `app_groups` (
  `id` int(11) NOT NULL AUTO_INCREMENT,
  `group_name` varchar(200) NOT NULL,
  PRIMARY KEY (`id`),
  UNIQUE KEY `group_name` (`group_name`)
) ENGINE=InnoDB AUTO_INCREMENT=26 DEFAULT CHARSET=utf8;

/*Data for the table `app_groups` */

insert  into `app_groups`(`id`,`group_name`) values (7,'General_TCP'),(3,'p2p应用'),(15,'交通出行'),(6,'即时通信'),(12,'图形影像'),(10,'安全管理'),(19,'搜索引擎'),(21,'数据传输'),(24,'数据库应用'),(14,'生活应用'),(1,'电子邮件'),(23,'程序开发'),(20,'网站浏览'),(2,'网络媒体'),(13,'网络存储'),(22,'网络招聘'),(4,'网络服务'),(5,'网络游戏'),(8,'网络电话'),(18,'网络社区'),(16,'网络购物'),(11,'网络资讯'),(25,'自定义'),(17,'读写学习'),(9,'金融理财');

/*Table structure for table `app_pro_info` */

DROP TABLE IF EXISTS `app_pro_info`;

CREATE TABLE `app_pro_info` (
  `id` int(11) NOT NULL AUTO_INCREMENT,
  `name` varchar(200) NOT NULL,
  `group_id` int(11) NOT NULL,
  `desc` varchar(200) DEFAULT NULL,
  `corporation` varchar(200) DEFAULT NULL,
  `ident` int(11) NOT NULL,
  `status` int(11) NOT NULL,
  `pcap` varchar(100) NOT NULL,
  `log` varchar(100) DEFAULT NULL,
  `flow` varchar(100) DEFAULT NULL,
  `top_app` varchar(100) DEFAULT NULL,
  `start_date` datetime NOT NULL,
  `finish_date` datetime DEFAULT NULL,
  PRIMARY KEY (`id`),
  UNIQUE KEY `name` (`name`),
  KEY `app_pro_info_5f412f9a` (`group_id`),
  CONSTRAINT `group_id_refs_id_d1bcab86` FOREIGN KEY (`group_id`) REFERENCES `app_groups` (`id`)
) ENGINE=InnoDB AUTO_INCREMENT=594 DEFAULT CHARSET=utf8;

/*Data for the table `app_pro_info` */

insert  into `app_pro_info`(`id`,`name`,`group_id`,`desc`,`corporation`,`ident`,`status`,`pcap`,`log`,`flow`,`top_app`,`start_date`,`finish_date`) values (1,'vagaa',3,'vagaa 2.1.0','vagaa 公司',0,0,'files/pcap/vagaa.pcapng','files/log/vagaa_idf.log','files/flow/vagaa.csv','files/topapp/vagaa.html','2015-03-31 07:03:14','2015-03-31 07:03:16'),(2,'bittorrent',3,'bittorrent','通用',5,0,'files/pcap/BitTorrent_1504221.pcap','files/log/bittorrent_idf.log','files/flow/bittorrent.xls','files/topapp/bittorrent.html','2015-09-14 09:01:34','2015-09-14 09:04:48'),(3,'酷派游戏中心',2,'酷派游戏中心 1.0.3','酷派游戏中心',0,2,'files/pcap/kupai.pcap','','','','2015-03-06 07:34:32',NULL),(4,'dns',4,'Domain Name Service，域名服务','通用',98,0,'files/pcap/dns_mz2Bkec.pcap','files/log/dns_idf.log','files/flow/dns.xls','files/topapp/dns.html','2015-08-21 07:18:48','2015-08-21 07:21:48'),(5,'QQ牧场',5,'QQ牧场，v2012，1.87.4921.0','腾讯公司',86,0,'files/pcap/qq牧场_1510231.pcap','files/log/QQ牧场_idf.log','files/flow/QQ牧场.xls','files/topapp/QQ牧场.html','2015-10-23 06:42:47','2015-10-23 06:45:49'),(6,'kugou',3,'酷狗，7.5.36.12571，酷狗V-3.9.7（Iphone版），Android V6.3.9，Android 7.1.3','酷狗科技',99,0,'files/pcap/酷狗_160115_2.pcap','files/log/kugou_idf.log','files/flow/kugou.xls','files/topapp/kugou.html','2016-01-15 03:37:45','2016-01-15 03:41:43'),(7,'aim',6,'AOL Instant Messenger','AOL公司',12,0,'files/pcap/aim.pcap','files/log/aim_idf.log','files/flow/aim.xls','files/topapp/aim.html','2015-04-21 03:36:14','2015-04-21 03:39:19'),(8,'General_TCP',7,'未识别上层应用或没有上层应用载荷的TCP流','通用',0,0,'files/pcap/TCP.pcap','files/log/General_TCP_idf.log','files/flow/General_TCP.csv','','2015-03-30 01:13:30','2015-03-30 01:18:42'),(10,'raketu',8,'raketu，v3.0.1.0','Raketu Communications Inc.',9,0,'files/pcap/raketu_1505121.pcap','files/log/raketu_idf.log','files/flow/raketu.xls','files/topapp/raketu.html','2015-05-12 03:42:21','2015-05-12 03:45:24'),(11,'qq农场',5,'qq农场,v2012，1.87.4921.0，Android v 3.2.2','腾讯公司',77,0,'files/pcap/QQ农场_1503311.pcap','files/log/qq农场_idf.log','files/flow/qq农场.csv','files/topapp/qq农场.html','2015-03-31 07:15:44','2015-03-31 07:19:08'),(12,'iMesh',3,'iMesh','iMesh',91,0,'files/pcap/iMesh_1503311.pcap','files/log/iMesh_idf.log','files/flow/iMesh.csv','files/topapp/iMesh.html','2015-03-31 07:25:44','2015-03-31 07:28:59'),(13,'华安证券',9,'华安证券行情交易系统，v1.0','杭州恒生信息技术有限公司',60,0,'files/pcap/华安证券_1505221.pcap','files/log/华安证券_idf.log','files/flow/华安证券.xls','files/topapp/华安证券.html','2015-05-22 10:02:05','2015-05-22 10:05:10'),(14,'中信建投',9,'中信建投，Android 2.0.5','中信建投证券有限责任公司',95,0,'files/pcap/中信建投_1511271.pcap','files/log/中信建投_idf.log','files/flow/中信建投.xls','files/topapp/中信建投.html','2015-11-27 03:23:23','2015-11-27 03:26:24'),(15,'诛仙',5,'诛仙','北京完美时空网络技术有限公司',26,0,'files/pcap/诛仙_1504011.pcap','files/log/诛仙_idf.log','files/flow/诛仙.xls','files/topapp/诛仙.html','2015-04-01 07:41:19','2015-04-01 07:44:22'),(16,'skype',8,'skype，v4.0.4.56','Skype',42,0,'files/pcap/skype_1512111.pcap','files/log/skype_idf.log','files/flow/skype.xls','files/topapp/skype.html','2015-12-11 07:25:27','2015-12-11 07:28:30'),(17,'迅雷看看',2,'4.9.17.2345','深圳迅雷网络技术有限公司',33,0,'files/pcap/迅雷看看__1509241.pcap','files/log/迅雷看看_idf.log','files/flow/迅雷看看.xls','files/topapp/迅雷看看.html','2015-09-24 02:08:19','2015-09-24 02:13:17'),(18,'梦幻西游',5,'梦幻西游精简版2.0.7','网易公司',77,0,'files/pcap/梦幻西游_1509251.pcap','files/log/梦幻西游_idf.log','files/flow/梦幻西游.xls','files/topapp/梦幻西游.html','2015-09-25 08:48:44','2015-09-25 08:51:45'),(19,'xunlei',3,'迅雷，v7.9.12.4646，含web迅雷, 迅雷看看，安卓版迅雷4.1.2.2350，安卓版迅雷看看3.6.0.1，Android V4.8.2.2670，Android  v 4.9.2.2720','深圳迅雷网络技术有限公司',99,0,'files/pcap/xunlei.pcap','files/log/xunlei_idf.log','files/flow/xunlei.xls','files/topapp/xunlei.html','2016-01-22 07:37:46','2016-01-22 07:42:52'),(20,'蜀山',5,'蜀山Online，v1.16.00，新蜀山online，v4.00.42','御风行数码科技有限公司',87,0,'files/pcap/蜀山_1504031.pcap','files/log/蜀山_idf.log','files/flow/蜀山.xls','files/topapp/蜀山.html','2015-04-03 02:43:10','2015-04-03 02:46:12'),(21,'uucall',8,'UUCall电话宝，vBuild 4.1.16，QQVoice网络电话,5.0.4.1','UUCall，亚太科技集团有限公司 ',0,0,'files/pcap/uucall_1512111.pcap','files/log/uucall_idf.log','files/flow/uucall.xls','files/topapp/uucall.html','2015-12-11 07:18:20','2015-12-11 07:21:21'),(22,'传世无双',5,'1.1022','盛大公司',67,0,'files/pcap/传世无双_1504071.pcap','files/log/传世无双_idf.log','files/flow/传世无双.xls','files/topapp/传世无双.html','2015-04-10 01:39:17','2015-04-10 01:43:12'),(23,'天台同城游戏',5,'天台同城游戏，http://tt.uc108.com/，http://tiantai.uc108.com/','杭州畅唐科技有限公司',9,0,'files/pcap/天台同城游_nKwp8nR.pcap','files/log/天台同城游戏_idf.log','files/flow/天台同城游戏.xls','files/topapp/天台同城游戏.html','2015-04-13 03:50:20','2015-04-13 03:53:30'),(25,'miranda',6,'Miranda IM，v0.8.4','通用',58,0,'files/pcap/miranda.pcap','files/log/miranda_idf.log','files/flow/miranda.xls','files/topapp/miranda.html','2015-04-13 03:41:09','2015-04-13 03:44:10'),(26,'vuze',3,'5.0.0.0','The Vuze Team',16,0,'files/pcap/vuze_1504171.pcap','files/log/vuze_idf.log','files/flow/vuze.xls','files/topapp/vuze.html','2015-04-17 02:40:11','2015-04-17 02:43:12'),(27,'多玩YY',6,'多玩语音聊天，http://www.yy.com/,6.12.0.1，安卓版2.14.1，Android 3.0.8，Android 3.5.0','欢聚时代科技（北京）有限公司',96,0,'files/pcap/txia_8YFH0NY.pcap','files/log/多玩YY_idf.log','files/flow/多玩YY.xls','files/topapp/多玩YY.html','2015-10-14 01:33:01','2015-10-14 01:38:56'),(28,'同城游',5,'\"http://game.uc108.com/ \"','杭州畅唐科技有限公司',70,0,'files/pcap/同城游_1504131.pcap','files/log/同城游_idf.log','files/flow/同城游.xls','files/topapp/同城游.html','2015-04-13 02:59:16','2015-04-13 03:02:23'),(29,'战地之王',5,'战地之王游戏，Ver.0.4.9','腾讯公司',58,0,'files/pcap/战地之王_1504231.pcap','files/log/战地之王_idf.log','files/flow/战地之王.xls','files/topapp/战地之王.html','2015-04-23 09:15:25','2015-04-23 09:18:31'),(30,'雷神之锤',5,'quake，v0.91, 0.92, 1.00，1.01','id公司',0,0,'files/pcap/雷神之锤_1504141.pcap','files/log/雷神之锤_idf.log','files/flow/雷神之锤.xls','files/topapp/雷神之锤.html','2015-04-14 06:39:09','2015-04-14 06:42:13'),(31,'完美世界',5,'完美世界','北京完美时空网络技术有限公司',39,0,'files/pcap/完美世界_1505131.pcap','files/log/完美世界_idf.log','files/flow/完美世界.xls','files/topapp/完美世界.html','2015-05-13 07:59:06','2015-05-13 08:02:08'),(32,'FIFAOL2',5,'FIFA Online 2，v1.0.3.8','上海第九城市信息技术有限公司',50,0,'files/pcap/FIFAOL_2_1504152.pcap','files/log/FIFAOL2_idf.log','files/flow/FIFAOL2.xls','files/topapp/FIFAOL2.html','2015-04-15 09:09:13','2015-04-15 09:12:19'),(34,'foxmail',1,'7.1.3.52','腾讯科技',0,0,'files/pcap/foxmail_1504161.pcap','files/log/foxmail_idf.log','files/flow/foxmail.xls','files/topapp/foxmail.html','2015-04-16 07:53:44','2015-04-16 07:56:58'),(35,'魔法卡片',5,'QQ魔法卡片游戏,v2012，1.87.4921.0','腾讯公司',1,0,'files/pcap/魔法卡片_1504171.pcap','files/log/魔法卡片_idf.log','files/flow/魔法卡片.xls','files/topapp/魔法卡片.html','2015-04-20 09:27:43','2015-04-20 09:30:44'),(36,'新浪游戏',5,'新浪游戏','新浪',91,0,'files/pcap/新浪游戏_1504221.pcap','files/log/新浪游戏_idf.log','files/flow/新浪游戏.xls','files/topapp/新浪游戏.html','2015-04-22 07:10:25','2015-04-22 07:13:45'),(37,'劲舞团',5,'劲舞团，ver8.1','久游网',47,0,'files/pcap/劲舞团_1504171.pcap','files/log/劲舞团_idf.log','files/flow/劲舞团.xls','files/topapp/劲舞团.html','2015-04-20 09:01:48','2015-04-20 09:04:49'),(38,'问道',5,'问道，v1.451.1228','厦门吉比特网络技术有限公司',0,0,'files/pcap/问道_1504171.pcap','files/log/问道_idf.log','files/flow/问道.xls','files/topapp/问道.html','2015-04-17 07:34:43','2015-04-17 07:37:53'),(39,'星际争霸',5,'星际争霸，v1.08，v2.0.6','暴雪娱乐公司',5,0,'files/pcap/星际争霸_1505062.pcap','files/log/星际争霸_idf.log','files/flow/星际争霸.xls','files/topapp/星际争霸.html','2015-05-06 08:26:51','2015-05-06 08:30:27'),(40,'QQ餐厅',5,'QQ餐厅，v2012，1.87.4921.0','腾讯公司',58,0,'files/pcap/qq餐厅_1509221.pcap','files/log/QQ餐厅_idf.log','files/flow/QQ餐厅.xls','files/topapp/QQ餐厅.html','2015-10-16 03:43:15','2015-10-16 03:46:18'),(41,'英雄岛',5,'英雄岛2010贺岁版公测客户端 ','深圳市腾讯计算机系统有限公司、深圳市网域计算机网络有限公司',98,0,'files/pcap/英雄岛_1504211.pcap','files/log/英雄岛_idf.log','files/flow/英雄岛.xls','files/topapp/英雄岛.html','2015-04-21 03:19:47','2015-04-21 03:22:49'),(42,'新浪UT',5,'新浪UT','新浪',6,0,'files/pcap/新浪UT_GAME.pcap','files/log/新浪UT_idf.log','files/flow/新浪UT.xls','files/topapp/新浪UT.html','2015-04-22 09:05:31','2015-04-22 09:08:32'),(43,'武魂',5,'2.0.12.1版','网易公司',99,0,'files/pcap/武魂_回放1.pcap','files/log/武魂_idf.log','files/flow/武魂.xls','files/topapp/武魂.html','2015-04-22 09:19:43','2015-04-22 09:35:34'),(44,'和讯股道',9,'和讯股道黄金版，v5.0.71028，含和讯网http://www.hexun.com/','和讯信息科技有限公司',94,0,'files/pcap/和讯股道_1507291.pcap','files/log/和讯股道_idf.log','files/flow/和讯股道.xls','files/topapp/和讯股道.html','2015-08-10 08:02:51','2015-08-10 08:05:55'),(45,'QQ超市',5,'QQ超市，v2012，1.87.4921.0','腾讯公司',22,0,'files/pcap/QQ超市_1504231.pcap','files/log/QQ超市_idf.log','files/flow/QQ超市.xls','files/topapp/QQ超市.html','2015-04-23 02:28:13','2015-04-23 02:31:38'),(46,'11对战平台',5,'1.1.9.9','奕奕网络',98,0,'files/pcap/11对战平台_1504231.pcap','files/log/11对战平台_idf.log','files/flow/11对战平台.xls','files/topapp/11对战平台.html','2015-04-28 01:32:40','2015-04-28 01:37:55'),(47,'QQ电脑管家',10,'6.5','腾讯公司',1,0,'files/pcap/QQ电脑管家__1509281.pcap','files/log/QQ电脑管家_idf.log','files/flow/QQ电脑管家.xls','files/topapp/QQ电脑管家.html','2015-09-28 07:45:15','2015-09-28 07:49:10'),(48,'微信',6,'微信，3.6，WeChat 5.3.1(Iphone版）','腾讯',89,0,'files/pcap/微信_1601071.pcap','files/log/微信_idf.log','files/flow/微信.xls','files/topapp/微信.html','2016-01-07 08:46:40','2016-01-07 08:49:50'),(49,'轩辕传奇',5,'1.5.43.3','腾讯公司',46,0,'files/pcap/轩辕传奇_1505111.pcap','files/log/轩辕传奇_idf.log','files/flow/轩辕传奇.xls','files/topapp/轩辕传奇.html','2015-05-12 03:35:35','2015-05-12 03:40:07'),(50,'SoulSeek',3,'SoulSeek，1.57 NS 13e','http://www.slsknet.org/',90,0,'files/pcap/soulseek_1504241.pcap','files/log/SoulSeek_idf.log','files/flow/SoulSeek.xls','files/topapp/SoulSeek.html','2015-04-24 02:58:58','2015-04-24 03:01:59'),(51,'分析家',9,'分析家2006接收系统，v6.0 Build001','深圳分析家软件系统有限公司与大智慧网络技术有限公司联合推出',0,0,'files/pcap/分析家_1504241.pcap','files/log/分析家_idf.log','files/flow/分析家.xls','files/topapp/分析家.html','2015-04-24 03:05:41','2015-04-24 03:08:42'),(52,'风暴战区',5,'v1.1.0','DragonFly公司开发',43,0,'files/pcap/风暴战区_141110_回放.pcap','files/log/风暴战区_idf.log','files/flow/风暴战区.xls','files/topapp/风暴战区.html','2015-04-28 01:42:41','2015-04-28 01:45:44'),(53,'爱酷',2,'iku，优酷客户端软件，管理配置2.1.6.6122，加速器v1.0.2.0','优酷',82,0,'files/pcap/爱酷_回放1_dkkdLGZ.pcap','files/log/爱酷_idf.log','files/flow/爱酷.xls','files/topapp/爱酷.html','2015-04-29 05:59:36','2015-04-29 06:04:19'),(54,'操盘手',9,'操盘手，Android 3.7.0','上海益盟软件技术有限公司',98,0,'files/pcap/操盘手_1511191.pcap','files/log/操盘手_idf.log','files/flow/操盘手.xls','files/topapp/操盘手.html','2015-11-19 02:42:47','2015-11-19 02:45:56'),(55,'中国游戏中心',5,'中国游戏中心，v2008v4.1','中国电信 互联星空',99,0,'files/pcap/中国游戏中心_1504281.pcap','files/log/中国游戏中心_idf.log','files/flow/中国游戏中心.xls','files/topapp/中国游戏中心.html','2015-04-28 06:10:20','2015-04-28 06:14:53'),(56,'9158视频',6,'9158视频，6.1.3.1，Android 2.5.5.1','新浪， 浙江天格信息技术有限公司',74,0,'files/pcap/9158视频_1504291.pcap','files/log/9158视频_idf.log','files/flow/9158视频.xls','files/topapp/9158视频.html','2015-04-29 02:05:51','2015-04-29 02:09:15'),(57,'QQ_AV',6,'QQ语音聊天、视频聊天，v2011正式版（3726）,v2012(1.87.4921.0)','腾讯公司',0,0,'files/pcap/qq_audio_1510121.pcap','files/log/QQ_AV_idf.log','files/flow/QQ_AV.xls','files/topapp/QQ_AV.html','2015-10-12 02:50:08','2015-10-12 02:53:35'),(58,'神鬼传奇',5,'','完美世界',31,0,'files/pcap/神鬼传奇_回放1.pcap','files/log/神鬼传奇_idf.log','files/flow/神鬼传奇.xls','files/topapp/神鬼传奇.html','2015-05-07 07:39:22','2015-05-07 07:42:26'),(59,'仙剑OL',5,'仙剑OL,2.0','久游网',94,0,'files/pcap/仙剑OL_1504301.pcap','files/log/仙剑OL_idf.log','files/flow/仙剑OL.xls','files/topapp/仙剑OL.html','2015-04-30 06:30:45','2015-04-30 06:33:47'),(60,'ppgou',3,'屁屁狗','深圳快点科技公司',0,0,'files/pcap/ppgou_1505142.pcap','files/log/ppgou_idf.log','files/flow/ppgou.xls','files/topapp/ppgou.html','2015-05-14 09:56:23','2015-05-14 09:59:27'),(61,'fetion_audio',6,'飞信语音聊天，2011正式版v4.6.0680','中国移动通信 ',92,0,'files/pcap/fetion_audio.pcap','files/log/fetion_audio_idf.log','files/flow/fetion_audio.xls','files/topapp/fetion_audio.html','2015-05-28 07:08:15','2015-05-28 07:12:13'),(62,'网易泡泡',6,'网易泡泡，build 1.1.0122','网易',11,0,'files/pcap/网易popo_1505041.pcap','files/log/网易泡泡_idf.log','files/flow/网易泡泡.xls','files/topapp/网易泡泡.html','2015-05-04 03:20:26','2015-05-04 03:23:26'),(63,'aliwangwang_audio',6,'阿里旺旺语音聊天，v2009 SP2(6.18.09)','阿里巴巴',47,0,'files/pcap/aliwangwnag_audio_1505111.pcap','files/log/aliwangwang_audio_idf.log','files/flow/aliwangwang_audio.xls','files/topapp/aliwangwang_audio.html','2015-05-11 07:36:13','2015-05-11 07:39:18'),(64,'QQ_FILE',6,'QQ数据传输，v2011正式版（3726），v2012(1.87.4921.0)，6.5(12968)，Android  v 5.3.2.2355','腾讯公司',24,0,'files/pcap/qq_file_1510101.pcap','files/log/QQ_FILE_idf.log','files/flow/QQ_FILE.xls','files/topapp/QQ_FILE.html','2015-10-12 08:01:46','2015-10-12 08:05:02'),(65,'穿越火线',5,'穿越火线游戏，v0.8.9','腾讯公司',61,0,'files/pcap/穿越火线_1505051.pcap','files/log/穿越火线_idf.log','files/flow/穿越火线.xls','files/topapp/穿越火线.html','2015-08-19 06:23:51','2015-08-19 06:26:58'),(66,'赤壁',5,'赤壁，游戏发布序号：1333','北京完美时空网络技术有限公司',7,0,'files/pcap/赤壁_1505051.pcap','files/log/赤壁_idf.log','files/flow/赤壁.xls','files/topapp/赤壁.html','2015-05-07 07:44:10','2015-05-07 07:47:12'),(67,'qqlive',2,'QQLive网络电视，2011正式版SP2（8.42.6278.0），Android 3.7.0.6061，腾讯视频 Android 3.8.0.6182','腾讯公司',64,0,'files/pcap/腾讯视频_160108_1_EIOr6Ct.pcap','files/log/qqlive_idf.log','files/flow/qqlive.xls','files/topapp/qqlive.html','2016-01-08 06:34:33','2016-01-08 06:39:52'),(68,'倚天剑与屠龙刀',5,'新倚天剑与屠龙刀2，v1.2','蓝港在线（北京）科技有限公司',0,0,'files/pcap/倚天剑屠龙刀_1505061_oVuo6hE.pcap','files/log/倚天剑与屠龙刀_idf.log','files/flow/倚天剑与屠龙刀.xls','files/topapp/倚天剑与屠龙刀.html','2015-05-08 02:28:57','2015-05-08 02:31:57'),(69,'黄金岛',5,'黄金岛http://www.80166.com/，1.57','深圳风林火山',99,0,'files/pcap/黄金岛_1505061.pcap','files/log/黄金岛_idf.log','files/flow/黄金岛.xls','files/topapp/黄金岛.html','2015-05-06 03:33:05','2015-05-06 03:36:51'),(70,'QQ邮箱',1,'安卓版3.3.3','腾讯科技（深圳)有限公司广州分公司',92,0,'files/pcap/QQ邮箱.pcap','files/log/QQ邮箱_idf.log','files/flow/QQ邮箱.xls','files/topapp/QQ邮箱.html','2016-01-22 07:27:24','2016-01-22 07:30:30'),(71,'口袋西游',5,'口袋西游，游戏发布序号：667，版本号：1.2.0','北京完美时空网络技术有限公司',4,0,'files/pcap/口袋西游_1505081.pcap','files/log/口袋西游_idf.log','files/flow/口袋西游.xls','files/topapp/口袋西游.html','2015-05-08 06:54:22','2015-05-08 06:57:24'),(72,'v6speed',3,'v0.70','北京邮电大学信息网络中心技术团队开发',83,0,'files/pcap/v6speed_1505081.pcap','files/log/v6speed_idf.log','files/flow/v6speed.xls','files/topapp/v6speed.html','2015-09-11 07:55:07','2015-09-11 07:58:17'),(73,'bitspirit',3,'比特精灵，v3.5.0.275','Bitspirit',99,0,'files/pcap/bitspirit_1505081.pcap','files/log/bitspirit_idf.log','files/flow/bitspirit.xls','files/topapp/bitspirit.html','2015-05-08 08:10:39','2015-05-08 08:13:54'),(74,'寻仙',5,'QQ寻仙，v1.1.4.1，寻仙 3.4.8.1','深圳市腾讯计算机系统有限公司，像素软件',54,0,'files/pcap/寻仙_1505111.pcap','files/log/寻仙_idf.log','files/flow/寻仙.xls','files/topapp/寻仙.html','2015-05-12 08:59:39','2015-05-12 09:02:40'),(75,'realplayer',2,'realplayer，v15.0.1.13','Realnetworks',1,0,'files/pcap/realplayer_1505122.pcap','files/log/realplayer_idf.log','files/flow/realplayer.xls','files/topapp/realplayer.html','2015-05-12 08:28:44','2015-05-12 08:33:10'),(76,'风雷游戏',5,'风雷游戏大厅，v2008.6.4.1313','吉林风雷',89,0,'files/pcap/风雷游戏_1505131.pcap','files/log/风雷游戏_idf.log','files/flow/风雷游戏.xls','files/topapp/风雷游戏.html','2015-09-14 06:26:01','2015-09-14 06:29:03'),(77,'星辰变',5,'1.3.5.0','盛大公司',51,0,'files/pcap/星辰变_1505132.pcap','files/log/星辰变_idf.log','files/flow/星辰变.xls','files/topapp/星辰变.html','2015-05-13 07:41:40','2015-05-13 07:44:41'),(78,'磊客',2,'www.rox.com.cn','北京国际传媒网络技术有限公司',26,0,'files/pcap/磊客网_1505131_3dNGMfX.pcap','files/log/磊客_idf.log','files/flow/磊客.xls','files/topapp/磊客.html','2015-05-13 09:23:26','2015-05-13 09:26:52'),(79,'ttplayer',2,'千千静听，v5.7正式版','qianqian.com',99,0,'files/pcap/千千静听_1511171.pcap','files/log/ttplayer_idf.log','files/flow/ttplayer.xls','files/topapp/ttplayer.html','2015-11-17 03:15:58','2015-11-17 03:20:19'),(80,'JeBoo',2,'JeBoo网络电视、捷报网http://www.jeboo.com/','北京捷报互动科技有限公司',83,0,'files/pcap/Jeboo_1505141.pcap','files/log/JeBoo_idf.log','files/flow/JeBoo.xls','files/topapp/JeBoo.html','2015-05-14 03:47:13','2015-05-14 03:50:21'),(81,'新浪奥运视频',2,'新浪奥运视频，http://2008.sina.com.cn/video/','新浪公司',80,0,'files/pcap/新浪奥运视频_1505141.pcap','files/log/新浪奥运视频_idf.log','files/flow/新浪奥运视频.xls','files/topapp/新浪奥运视频.html','2015-05-14 04:00:42','2015-05-14 04:03:57'),(82,'瑞星',10,'瑞星','北京瑞星信息技术有限公司',99,0,'files/pcap/瑞星_1508211.pcap','files/log/瑞星_idf.log','files/flow/瑞星.xls','files/topapp/瑞星.html','2015-08-21 06:39:50','2015-08-21 06:43:24'),(83,'交通银行',9,'www.bankcomm.com，安卓版2.0.7','中国交通银行',95,0,'files/pcap/交通银行_1510231.pcap','files/log/交通银行_idf.log','files/flow/交通银行.xls','files/topapp/交通银行.html','2015-10-23 06:51:26','2015-10-23 06:54:44'),(84,'邮政银行',9,'www.psbc.com','中国邮政储蓄银行',73,0,'files/pcap/邮政银行_1508131.pcap','files/log/邮政银行_idf.log','files/flow/邮政银行.xls','files/topapp/邮政银行.html','2015-08-13 06:39:48','2015-08-13 06:42:49'),(85,'招商银行',9,'www.cmbchina.com，安卓版2.5.1，Android v3.0.2','中国招商银行',86,0,'files/pcap/招商银行_160118_2.pcap','files/log/招商银行_idf.log','files/flow/招商银行.xls','files/topapp/招商银行.html','2016-01-18 08:48:42','2016-01-18 08:51:46'),(86,'中国民生银行',9,'www.cmbc.com.cn,95568，安卓版2.51','中国民生银行股份有限公司',21,0,'files/pcap/民生银行_1508201.pcap','files/log/中国民生银行_idf.log','files/flow/中国民生银行.xls','files/topapp/中国民生银行.html','2015-08-20 06:34:46','2015-08-20 06:37:54'),(87,'浦发银行',9,'www.spdb.com.cn,95528，安卓版5.5','上海浦东发展银行股份有限公司',80,0,'files/pcap/浦发银行_1508211.pcap','files/log/浦发银行_idf.log','files/flow/浦发银行.xls','files/topapp/浦发银行.html','2015-08-21 06:45:34','2015-08-21 06:48:36'),(88,'平安银行',9,'bank.pingan.com,95511，平安口袋银行安卓版v2.1.3','平安银行股份有限公司',46,0,'files/pcap/平安银行_1508121.pcap','files/log/平安银行_idf.log','files/flow/平安银行.xls','files/topapp/平安银行.html','2015-08-12 06:11:04','2015-08-12 06:14:13'),(89,'中国银行',9,'www.boc.cn,95566，安卓版1.5.5','中国银行股份有限公司',93,0,'files/pcap/中国银行_1508111.pcap','files/log/中国银行_idf.log','files/flow/中国银行.xls','files/topapp/中国银行.html','2015-08-11 08:14:38','2015-08-11 08:17:45'),(90,'中信银行',9,'bank.ecitic.com,95558','中国国际信托投资公司',42,0,'files/pcap/中信银行_1508201.pcap','files/log/中信银行_idf.log','files/flow/中信银行.xls','files/topapp/中信银行.html','2015-08-20 06:39:38','2015-08-20 06:42:42'),(91,'兴业银行',9,'www.cib.com.cn,95561','兴业银行股份有限公司',78,0,'files/pcap/兴业银行_1508191.pcap','files/log/兴业银行_idf.log','files/flow/兴业银行.xls','files/topapp/兴业银行.html','2015-08-19 03:29:11','2015-08-19 03:32:14'),(92,'广发银行',9,'www.cgbchina.com.cn,95508，安卓版2.7.0','广发银行股份有限公司',99,0,'files/pcap/广发银行_1508181.pcap','files/log/广发银行_idf.log','files/flow/广发银行.xls','files/topapp/广发银行.html','2015-08-19 03:34:28','2015-08-19 03:37:43'),(93,'中国工商银行',9,'工商银行网银，http://www.icbc.com.cn/，安卓版1.0.1.3，Android V1.0.1.4，Android 1.0.1.5','中国工商银行',53,0,'files/pcap/中国工商银行_1511261.pcap','files/log/中国工商银行_idf.log','files/flow/中国工商银行.xls','files/topapp/中国工商银行.html','2015-11-26 02:38:42','2015-11-26 02:42:02'),(94,'同花顺',9,'同花顺，v7.90.43，Android V8.70.01，Android  v 8.82.01','浙江核新同花顺网络信息股份有限公司',85,0,'files/pcap/同花顺_1510211.pcap','files/log/同花顺_idf.log','files/flow/同花顺.xls','files/topapp/同花顺.html','2015-10-21 07:26:13','2015-10-21 07:29:14'),(95,'富远行情',9,'1.96','上海富远软件技术有限公司',72,0,'files/pcap/富远行情_1505211.pcap','files/log/富远行情_idf.log','files/flow/富远行情.xls','files/topapp/富远行情.html','2015-05-21 08:26:54','2015-05-21 08:29:56'),(96,'宏汇软件',9,'v5.3.98.310112','宏汇软件有限责任公司',62,0,'files/pcap/宏汇软件_1505201.pcap','files/log/宏汇软件_idf.log','files/flow/宏汇软件.xls','files/topapp/宏汇软件.html','2015-05-21 02:54:10','2015-05-21 02:57:11'),(97,'360彩票',9,'安卓版2.2.20','北京奇虎科技有限公司',15,0,'files/pcap/360彩票_1508281.pcap','files/log/360彩票_idf.log','files/flow/360彩票.xls','files/topapp/360彩票.html','2015-08-28 03:25:16','2015-08-28 03:28:19'),(98,'凤凰新闻',11,'安卓版4.2.4','手机凤凰网',96,0,'files/pcap/凤凰新闻.pcap','files/log/凤凰新闻_idf.log','files/flow/凤凰新闻.xls','files/topapp/凤凰新闻.html','2016-01-15 07:30:06','2016-01-15 07:33:10'),(99,'搜狐新闻',11,'安卓版4.3.1，Android 5.0','北京搜狐互联网信息服务有限公司',70,0,'files/pcap/搜狐新闻_160119_2.pcap','files/log/搜狐新闻_idf.log','files/flow/搜狐新闻.xls','files/topapp/搜狐新闻.html','2016-01-19 06:38:26','2016-01-19 06:41:40'),(100,'网易新闻',11,'网易新闻 v3.7.6（Iphone版）','网易公司',92,0,'files/pcap/网易新闻_160118_1.pcap','files/log/网易新闻_idf.log','files/flow/网易新闻.xls','files/topapp/网易新闻.html','2016-01-18 05:54:46','2016-01-18 05:58:16'),(101,'新浪新闻',11,'安卓版4.2.0','新浪网技术（中国）有限公司',96,0,'files/pcap/新浪新闻_160120_1.pcap','files/log/新浪新闻_idf.log','files/flow/新浪新闻.xls','files/topapp/新浪新闻.html','2016-01-20 07:42:19','2016-01-20 07:45:29'),(102,'360新闻',11,'Android 1.3.2','北京奇虎科技有限公司',11,0,'files/pcap/360新闻_1510291.pcap','files/log/360新闻_idf.log','files/flow/360新闻.xls','files/topapp/360新闻.html','2015-10-29 08:23:16','2015-10-29 08:27:29'),(103,'美图秀秀',12,'美图秀秀iPhone版3.1.1，安卓版3.8.1','厦门美图网科技有限公司',96,0,'files/pcap/美图秀秀_160125_1.pcap','files/log/美图秀秀_idf.log','files/flow/美图秀秀.xls','files/topapp/美图秀秀.html','2016-01-25 03:09:48','2016-01-25 03:14:46'),(104,'浩方',5,'浩方电竞平台，http://www.cga.com.cn/，5.8.3.808','上海浩方在线信息技术有限公司',98,0,'files/pcap/浩方_1505221.pcap','files/log/浩方_idf.log','files/flow/浩方.xls','files/topapp/浩方.html','2015-05-22 09:56:01','2015-05-22 09:59:24'),(105,'网易彩票',9,'安卓版3.29','网易',94,0,'files/pcap/网易彩票_1505251.pcap','files/log/网易彩票_idf.log','files/flow/网易彩票.xls','files/topapp/网易彩票.html','2015-05-25 03:32:44','2015-05-25 03:35:53'),(106,'9188彩票',9,'安卓版2.9','上海彩亿信息技术有限公司',88,0,'files/pcap/9188彩票_1507221.pcap','files/log/9188彩票_idf.log','files/flow/9188彩票.xls','files/topapp/9188彩票.html','2015-07-23 08:59:34','2015-07-23 09:02:36'),(107,'彩客彩票',9,'安卓版2.3.5','肇庆创威发展有限公司',84,0,'files/pcap/彩客彩票_1511121.pcap','files/log/彩客彩票_idf.log','files/flow/彩客彩票.xls','files/topapp/彩客彩票.html','2015-11-12 03:33:31','2015-11-12 03:36:32'),(108,'东方财富通',9,'Android V5.0','东方财富信息股份有限公司',57,0,'files/pcap/东方财富网_1511131.pcap','files/log/东方财富通_idf.log','files/flow/东方财富通.xls','files/topapp/东方财富通.html','2015-11-13 03:49:19','2015-11-13 03:52:26'),(109,'超级旋风（QQ旋风）',3,'QQ旋风，4.4.755.401','腾讯公司',69,0,'files/pcap/QQ旋风__回放.pcap','files/log/超级旋风（QQ旋风）_idf.log','files/flow/超级旋风（QQ旋风）.xls','files/topapp/超级旋风（QQ旋风）.html','2015-05-25 07:51:12','2015-05-25 07:56:08'),(110,'UUSee',2,'UUSee网络电视，7.12.830.1','悠视网',17,0,'files/pcap/uusee_1505251.pcap','files/log/UUSee_idf.log','files/flow/UUSee.xls','files/topapp/UUSee.html','2015-05-25 06:18:25','2015-05-25 06:21:37'),(111,'华为网盘',13,'dbank.com','华为',75,0,'files/pcap/华为网盘_1509291.pcap','files/log/华为网盘_idf.log','files/flow/华为网盘.xls','files/topapp/华为网盘.html','2015-09-29 06:18:00','2015-09-29 06:21:04'),(112,'百度云网盘',13,'pan.baidu.com','百度',73,0,'files/pcap/百度云_160111_1.pcap','files/log/百度云网盘_idf.log','files/flow/百度云网盘.xls','files/topapp/百度云网盘.html','2016-01-11 09:14:07','2016-01-11 09:17:14'),(113,'人民日报',11,'Android 3.5.1','人民日报社',95,0,'files/pcap/人民日报_1505261.pcap','files/log/人民日报_idf.log','files/flow/人民日报.xls','files/topapp/人民日报.html','2015-07-07 07:07:22','2015-07-07 07:10:29'),(114,'百度新闻',11,'IOS 1.0.1','baidu online internet service (beijing) co,ltd',98,0,'files/pcap/百度新闻_1507241.pcap','files/log/百度新闻_idf.log','files/flow/百度新闻.xls','files/topapp/百度新闻.html','2015-07-24 08:27:57','2015-07-24 08:31:05'),(115,'大众点评',14,'安卓版6.6.5，www.dianping.com','上海汉涛信息咨询有限公司',83,0,'files/pcap/大众点评_160118_1.pcap','files/log/大众点评_idf.log','files/flow/大众点评.xls','files/topapp/大众点评.html','2016-01-18 09:32:32','2016-01-18 09:35:47'),(116,'高铁管家',15,'高铁管家iPhone版V2.2.1','活力世纪科技（北京）有限公司',11,0,'files/pcap/高铁管家_160302_1.pcap','files/log/高铁管家_idf.log','files/flow/高铁管家.xls','files/topapp/高铁管家.html','2016-03-01 03:21:12','2016-03-01 03:24:16'),(117,'墨迹天气',14,'安卓版3.30.02','墨迹风云（北京）软件科技发展有限公司',78,0,'files/pcap/墨迹天气_160126_1.pcap','files/log/墨迹天气_idf.log','files/flow/墨迹天气.xls','files/topapp/墨迹天气.html','2016-01-26 06:34:28','2016-01-26 06:37:53'),(118,'去哪儿旅行',15,'安卓版7.2.5','北京趣拿软件科技有限公司',99,0,'files/pcap/去哪儿旅行.pcap','files/log/去哪儿旅行_idf.log','files/flow/去哪儿旅行.xls','files/topapp/去哪儿旅行.html','2016-01-28 09:10:53','2016-01-28 09:14:54'),(119,'倩女幽魂',5,'1.0.4，倩女幽魂2 2.0.88','网易公司',49,0,'files/pcap/倩女幽魂1028.pcap','files/log/倩女幽魂_idf.log','files/flow/倩女幽魂.xls','files/topapp/倩女幽魂.html','2015-05-28 01:26:23','2015-05-28 01:29:27'),(120,'图吧导航',15,'安卓版8.1.5.189767','北京图为先科技有限公司',90,0,'files/pcap/图吧导航_1505281.pcap','files/log/图吧导航_idf.log','files/flow/图吧导航.xls','files/topapp/图吧导航.html','2015-05-28 02:38:43','2015-05-28 02:41:45'),(121,'老虎地图',15,'安卓版5.8.920140716','北京老虎宝典科技有限公司',93,0,'files/pcap/老虎地图_1505281.pcap','files/log/老虎地图_idf.log','files/flow/老虎地图.xls','files/topapp/老虎地图.html','2015-05-28 02:32:40','2015-05-28 02:35:42'),(122,'航班管家',15,'安卓版3.8.4','深圳市活力天汇科技有限公司',51,0,'files/pcap/航班管家_1510271.pcap','files/log/航班管家_idf.log','files/flow/航班管家.xls','files/topapp/航班管家.html','2015-10-29 07:27:43','2015-10-29 07:34:19'),(123,'sip',8,'sip协议','通用',0,0,'files/pcap/sip-c2c.pcap','files/log/sip_idf.log','files/flow/sip.xls','files/topapp/sip.html','2015-06-08 06:27:13','2015-06-08 06:31:36'),(124,'MSN_AV',6,'msn语音视频聊天，v2009','微软',0,0,'files/pcap/MSN视频.pcap','files/log/MSN_AV_idf.log','files/flow/MSN_AV.xls','files/topapp/MSN_AV.html','2015-05-28 08:00:29','2015-05-28 08:05:31'),(125,'最美天气',14,'安卓版3.02.011.20140915','西安酷派软件科技有限公司',84,0,'files/pcap/最美天气_160219_1.pcap','files/log/最美天气_idf.log','files/flow/最美天气.xls','files/topapp/最美天气.html','2016-02-19 07:34:22','2016-02-19 07:37:33'),(126,'8684公交',15,'安卓版11.1.117','广州天趣网络科技有限公司',79,0,'files/pcap/8684公交_1508271.pcap','files/log/8684公交_idf.log','files/flow/8684公交.xls','files/topapp/8684公交.html','2015-10-10 05:32:54','2015-10-10 05:35:59'),(127,'美柚',14,'安卓版3.4','厦门美柚信息科技有限公司',99,0,'files/pcap/美柚.pcap','files/log/美柚_idf.log','files/flow/美柚.xls','files/topapp/美柚.html','2016-01-22 03:44:51','2016-01-22 03:48:09'),(128,'肯德基',14,'安卓版1.0.7','百胜（中国）投资有限公司',99,0,'files/pcap/肯德基_160127_1.pcap','files/log/肯德基_idf.log','files/flow/肯德基.xls','files/topapp/肯德基.html','2016-01-27 05:57:38','2016-01-27 06:01:27'),(129,'铁路12306',14,'安卓版1.21','中铁程科技有限责任公司',88,0,'files/pcap/铁路12306_160126_1.pcap','files/log/铁路12306_idf.log','files/flow/铁路12306.xls','files/topapp/铁路12306.html','2016-01-26 02:13:02','2016-01-26 02:16:24'),(130,'知趣天气',14,'安卓版2.5.6.0','上海扬讯计算机科技股份有限公司',17,0,'files/pcap/知趣天气_1510301.pcap','files/log/知趣天气_idf.log','files/flow/知趣天气.xls','files/topapp/知趣天气.html','2015-10-30 07:34:09','2015-10-30 07:39:33'),(131,'快的打车',15,'安卓版2.5','杭州快智科技有限公司',11,0,'files/pcap/快的打车_1506021.pcap','files/log/快的打车_idf.log','files/flow/快的打车.xls','files/topapp/快的打车.html','2015-06-02 03:27:38','2015-06-02 03:30:45'),(132,'高德地图',15,'安卓版6.3.0','高德公司',94,0,'files/pcap/高德地图_160114_1.pcap','files/log/高德地图_idf.log','files/flow/高德地图.xls','files/topapp/高德地图.html','2016-01-14 09:22:30','2016-01-14 09:25:54'),(133,'淘宝',16,'淘宝网http://www.taobao.com/，淘宝联盟http://www.alimama.com/，手机淘宝4.5.0，Android 5.2.4','阿里巴巴集团，淘宝（中国）软件有限公司',89,0,'files/pcap/淘宝_160107_2.pcap','files/log/淘宝_idf.log','files/flow/淘宝.xls','files/topapp/淘宝.html','2016-01-07 08:27:46','2016-01-07 08:32:28'),(134,'兵王',5,'兵王，1.2.3.050','深圳中青宝互动网络股份有限公司',65,0,'files/pcap/兵王_回放1.pcap','files/log/兵王_idf.log','files/flow/兵王.xls','files/topapp/兵王.html','2015-06-02 07:35:50','2015-06-02 07:42:41'),(135,'征途',5,'征途','上海巨人网络科技有限公司',99,0,'files/pcap/征途_回放1.pcap','files/log/征途_idf.log','files/flow/征途.xls','files/topapp/征途.html','2015-06-02 07:00:17','2015-06-02 07:33:31'),(136,'窝牛装修',14,'IOS 3.2.3','shanghailingduo information technology co.,Ltd',1,0,'files/pcap/窝牛装修_1506032_pFBBfeY.pcap','files/log/窝牛装修_idf.log','files/flow/窝牛装修.xls','files/topapp/窝牛装修.html','2015-11-12 01:44:10','2015-11-12 01:47:28'),(137,'每日瑜伽',14,'安卓版 5.2.2','西安瑜乐软件科技有限公司',80,0,'files/pcap/每日瑜伽_1511101.pcap','files/log/每日瑜伽_idf.log','files/flow/每日瑜伽.xls','files/topapp/每日瑜伽.html','2015-11-10 06:38:23','2015-11-10 06:42:03'),(138,'天气通',14,'安卓版3.32','北京微梦创科网络技术有限公司',95,0,'files/pcap/天气通_1511301.pcap','files/log/天气通_idf.log','files/flow/天气通.xls','files/topapp/天气通.html','2015-11-30 07:33:25','2015-11-30 07:38:49'),(139,'艺龙旅行',15,'安卓版7.2.0，Android 7.0.0','艺龙网信息技术（北京）有限公司',95,0,'files/pcap/艺龙旅行_1506031.pcap','files/log/艺龙旅行_idf.log','files/flow/艺龙旅行.xls','files/topapp/艺龙旅行.html','2015-06-03 07:25:39','2015-06-03 07:28:48'),(140,'联通',14,'手机营业厅（联通）2.4.1（Iphone版）','中国联合网络通信集团有限公司 ',98,0,'files/pcap/联通_1511191.pcap','files/log/联通_idf.log','files/flow/联通.xls','files/topapp/联通.html','2015-11-19 07:12:25','2015-11-19 07:15:47'),(141,'360天气',14,'安卓版3.17','北京奇虎科技有限公司',39,0,'files/pcap/360天气_1506041.pcap','files/log/360天气_idf.log','files/flow/360天气.xls','files/topapp/360天气.html','2015-06-04 02:56:55','2015-06-04 02:59:55'),(142,'驴妈妈旅游',15,'安卓版5.3.1','驴妈妈旅游网',98,0,'files/pcap/驴妈妈旅游_1506041.pcap','files/log/驴妈妈旅游_idf.log','files/flow/驴妈妈旅游.xls','files/topapp/驴妈妈旅游.html','2015-06-04 02:48:53','2015-06-04 02:52:03'),(143,'搜狗地图',15,'安卓版6.0.0','北京搜狗科技发展有限公司',96,0,'files/pcap/搜狗地图_160120_1.pcap','files/log/搜狗地图_idf.log','files/flow/搜狗地图.xls','files/topapp/搜狗地图.html','2016-01-20 03:22:07','2016-01-20 03:30:21'),(144,'安居客',14,'安卓版 8.2.1','瑞庭网络技术（上海有限公司）',94,0,'files/pcap/安居客_1506051.pcap','files/log/安居客_idf.log','files/flow/安居客.xls','files/topapp/安居客.html','2015-06-05 07:14:40','2015-06-05 07:17:45'),(145,'粉粉日记',14,'安卓版 3.88','上海盘隆科技有限公司',91,0,'files/pcap/粉粉日记_1506051.pcap','files/log/粉粉日记_idf.log','files/flow/粉粉日记.xls','files/topapp/粉粉日记.html','2015-06-05 03:53:23','2015-06-05 03:56:29'),(146,'中投证券',9,'中投证券， v1.0.0.1，v 6.81','中国建银投资证券有限责任公司',70,0,'files/pcap/中信建投_1506052.pcap','files/log/中投证券_idf.log','files/flow/中投证券.xls','files/topapp/中投证券.html','2015-06-05 07:57:53','2015-06-05 08:00:54'),(147,'英语流利说',17,'1.10 android 版本','上海流利说信息技术有限公司',91,0,'files/pcap/英语流利说_1506051.pcap','files/log/英语流利说_idf.log','files/flow/英语流利说.xls','files/topapp/英语流利说.html','2015-06-05 06:20:35','2015-06-05 06:23:42'),(148,'腾讯微博',18,'t.qq.com','腾讯公司',95,0,'files/pcap/腾讯微博_1511271.pcap','files/log/腾讯微博_idf.log','files/flow/腾讯微博.xls','files/topapp/腾讯微博.html','2015-11-27 03:08:53','2015-11-27 03:12:01'),(149,'新浪微博',18,'www.weibo.com，安卓版客户端4.4.1','北京微梦创科网络技术有限公司',92,0,'files/pcap/新浪微博_1601091.pcap','files/log/新浪微博_idf.log','files/flow/新浪微博.xls','files/topapp/新浪微博.html','2016-01-09 08:19:39','2016-01-09 08:23:32'),(150,'有道云笔记',17,'安卓版3.6.3','网易有道公司',91,0,'files/pcap/有道云笔记.pcap','files/log/有道云笔记_idf.log','files/flow/有道云笔记.xls','files/topapp/有道云笔记.html','2016-01-22 03:36:33','2016-01-22 03:39:38'),(151,'书旗小说',17,'安卓版7.3.8','广州爱书旗信息技术有限公司',94,0,'files/pcap/书旗小说.pcap','files/log/书旗小说_idf.log','files/flow/书旗小说.xls','files/topapp/书旗小说.html','2016-01-26 03:42:45','2016-01-26 03:45:48'),(152,'有妖气漫画',17,'安卓版1.5.6','北京四月星空网络技术有限公司',95,0,'files/pcap/有妖气漫画_1506091.pcap','files/log/有妖气漫画_idf.log','files/flow/有妖气漫画.xls','files/topapp/有妖气漫画.html','2015-06-09 03:17:42','2015-06-09 03:20:51'),(153,'天涯社区',18,'http://www.tianya.cn/，安卓版3.3.1','海南天涯在线网络科技有限公司',76,0,'files/pcap/天涯社区_1506091.pcap','files/log/天涯社区_idf.log','files/flow/天涯社区.xls','files/topapp/天涯社区.html','2015-06-09 03:13:17','2015-06-09 03:16:21'),(154,'必应词典',17,'1.6.1.0','微软公司',27,0,'files/pcap/必应词典_1506091.pcap','files/log/必应词典_idf.log','files/flow/必应词典.xls','files/topapp/必应词典.html','2015-06-10 01:07:04','2015-06-10 01:10:18'),(155,'金山词霸',17,'2012.09.04.016','金山公司',98,0,'files/pcap/金山词霸_1510191.pcap','files/log/金山词霸_idf.log','files/flow/金山词霸.xls','files/topapp/金山词霸.html','2015-10-19 02:25:04','2015-10-19 02:28:21'),(156,'有道翻译官',17,'安卓版1.2.3','网易有道公司',99,0,'files/pcap/有道翻译官.pcap','files/log/有道翻译官_idf.log','files/flow/有道翻译官.xls','files/topapp/有道翻译官.html','2015-06-10 02:47:38','2015-06-10 02:51:27'),(157,'畅读',17,'安卓版5.1.3','北京维旺明信息技术有限公司',98,0,'files/pcap/畅读_1506101.pcap','files/log/畅读_idf.log','files/flow/畅读.xls','files/topapp/畅读.html','2015-06-10 02:39:08','2015-06-10 02:42:16'),(158,'知乎',18,'http://www.zhihu.com/','北京智者天下科技有限公司',82,0,'files/pcap/知乎_1506101.pcap','files/log/知乎_idf.log','files/flow/知乎.xls','files/topapp/知乎.html','2015-06-10 08:00:14','2015-06-10 08:03:19'),(159,'掌阅iReader',17,'安卓版3.3.0','北京掌中浩阅科技有限公司',96,0,'files/pcap/掌阅ireader_160122_1.pcap','files/log/掌阅iReader_idf.log','files/flow/掌阅iReader.xls','files/topapp/掌阅iReader.html','2016-01-22 02:56:14','2016-01-22 02:59:25'),(160,'凤凰读书',17,'安卓版2.6.5','手机凤凰网',97,0,'files/pcap/凤凰读书_1506111.pcap','files/log/凤凰读书_idf.log','files/flow/凤凰读书.xls','files/topapp/凤凰读书.html','2015-06-11 02:39:33','2015-06-11 02:42:38'),(161,'读书巴士',17,'安卓版2.9','深圳天飞网络技术有限公司',85,0,'files/pcap/读书巴士_1508311.pcap','files/log/读书巴士_idf.log','files/flow/读书巴士.xls','files/topapp/读书巴士.html','2015-10-14 03:51:38','2015-10-14 03:54:54'),(162,'驾考宝典',17,'安卓版5.4.1','北京木仓科技有限公司',10,0,'files/pcap/驾考宝典_160229_2.pcap','files/log/驾考宝典_idf.log','files/flow/驾考宝典.xls','files/topapp/驾考宝典.html','2016-02-29 06:58:11','2016-02-29 07:01:23'),(163,'知米背单词',17,'安卓版2.4.2','杭州蓝脑教育科技有限公司',99,0,'files/pcap/知米背单词_1506111.pcap','files/log/知米背单词_idf.log','files/flow/知米背单词.xls','files/topapp/知米背单词.html','2015-06-12 06:11:00','2015-06-12 06:14:53'),(164,'我要当学霸',17,'安卓版3.2.0','secretlisa.com',92,0,'files/pcap/我要当学霸_1506121.pcap','files/log/我要当学霸_idf.log','files/flow/我要当学霸.xls','files/topapp/我要当学霸.html','2015-06-12 06:16:29','2015-06-12 06:19:39'),(165,'凯立德导航',15,'安卓版6.1','深圳市凯立德科技股份有限公司',31,0,'files/pcap/凯立德导航_1506121.pcap','files/log/凯立德导航_idf.log','files/flow/凯立德导航.xls','files/topapp/凯立德导航.html','2015-06-12 06:25:06','2015-06-12 06:28:10'),(166,'安卓读书',17,'安卓版5.1.0','福州佳软软件技术有限公司',0,0,'files/pcap/安卓读书_1511021.pcap','files/log/安卓读书_idf.log','files/flow/安卓读书.xls','files/topapp/安卓读书.html','2015-11-02 06:01:05','2015-11-02 06:04:21'),(167,'GGBOOK看书',17,'安卓版7.6.0','广州市久邦数码科技有限公司',27,0,'files/pcap/GGbook_看书_1511021.pcap','files/log/GGBOOK看书_idf.log','files/flow/GGBOOK看书.xls','files/topapp/GGBOOK看书.html','2015-11-02 06:19:07','2015-11-02 06:22:31'),(168,'多邻国(duolinguo)',17,'IOS 4.1.3','duolinguo,lnc',0,0,'files/pcap/多邻国_1512011.pcap','files/log/多邻国(duolinguo)_idf.log','files/flow/多邻国(duolinguo).xls','files/topapp/多邻国(duolinguo).html','2015-12-01 09:22:40','2015-12-01 09:26:04'),(169,'蝉游记',15,'IOS 4.32','shanghai chanyi network technology co.ltd',85,0,'files/pcap/蝉游记_1506151.pcap','files/log/蝉游记_idf.log','files/flow/蝉游记.xls','files/topapp/蝉游记.html','2015-06-15 03:48:39','2015-06-15 03:51:49'),(170,'多看阅读',17,'安卓版 3.2.8','北京多看科技有限公司',96,0,'files/pcap/多看阅读_1512151.pcap','files/log/多看阅读_idf.log','files/flow/多看阅读.xls','files/topapp/多看阅读.html','2015-12-15 08:38:26','2015-12-15 08:41:47'),(171,'每日美文',17,'安卓版 1.1.8','无锡阿达游软件有限公司',91,0,'files/pcap/每日美文_1512011.pcap','files/log/每日美文_idf.log','files/flow/每日美文.xls','files/topapp/每日美文.html','2015-12-01 03:47:20','2015-12-01 03:50:27'),(172,'和地图',15,'安卓版4.3.23.3.5.20140827','中国移动通信集团辽宁有限公司',92,0,'files/pcap/和地图_1510301.pcap','files/log/和地图_idf.log','files/flow/和地图.xls','files/topapp/和地图.html','2015-10-30 08:48:49','2015-10-30 08:51:55'),(173,'卷皮网',16,'http://www.juanpi.com/','武汉奇米网络科技有限公司旗下网站',96,0,'files/pcap/卷皮_1506161.pcap','files/log/卷皮网_idf.log','files/flow/卷皮网.xls','files/topapp/卷皮网.html','2015-06-29 04:04:39','2015-06-29 04:07:41'),(174,'米折',16,'安卓版3.3.4','杭州互秀电子商务有限公司',56,0,'files/pcap/米折_1506161.pcap','files/log/米折_idf.log','files/flow/米折.xls','files/topapp/米折.html','2015-06-16 06:14:28','2015-06-16 06:17:43'),(175,'车轮考驾照',17,'安卓版3.3.5','上海易点时空网络有限公司',98,0,'files/pcap/车轮考驾照.pcap','files/log/车轮考驾照_idf.log','files/flow/车轮考驾照.xls','files/topapp/车轮考驾照.html','2016-01-21 06:15:14','2016-01-21 06:18:49'),(176,'中关村在线',16,'中关村在线HD安卓版1.0.2','北京智德典康电子商务有限公司',86,0,'files/pcap/中关村在线_1506161.pcap','files/log/中关村在线_idf.log','files/flow/中关村在线.xls','files/topapp/中关村在线.html','2015-06-16 02:55:36','2015-06-16 02:58:39'),(177,'360影视大全',2,'安卓版2.6.6','北京奇虎科技有限公司',0,0,'files/pcap/360影视大全_1512041.pcap','files/log/360影视大全_idf.log','files/flow/360影视大全.xls','files/topapp/360影视大全.html','2015-12-04 07:13:14','2015-12-04 07:16:48'),(178,'360清理大师',10,'安卓版3.1.1','北京奇虎科技有限公司',0,0,'files/pcap/360清理大师_160201_1.pcap','files/log/360清理大师_idf.log','files/flow/360清理大师.xls','files/topapp/360清理大师.html','2016-02-01 03:44:26','2016-02-01 03:47:44'),(179,'饿了么',14,'Android V4.1.1','上海拉扎斯信息科技有限公司',74,0,'files/pcap/饿了么_160126_1.pcap','files/log/饿了么_idf.log','files/flow/饿了么.xls','files/topapp/饿了么.html','2016-01-26 03:00:51','2016-01-26 03:04:02'),(180,'百度',19,'百度，http://www.baidu.com/','百度',96,0,'files/pcap/百度_160108_1.pcap','files/log/百度_idf.log','files/flow/百度.xls','files/topapp/百度.html','2016-01-08 02:33:30','2016-01-08 02:36:37'),(181,'途家',15,'','',88,0,'files/pcap/途家_1506242.pcap','files/log/途家_idf.log','files/flow/途家.xls','files/topapp/途家.html','2015-06-26 08:01:44','2015-06-26 08:04:50'),(182,'优步',15,'','',25,0,'files/pcap/uber_1506231.pcap','files/log/优步_idf.log','files/flow/优步.xls','files/topapp/优步.html','2015-06-24 03:38:33','2015-06-24 03:41:35'),(183,'QQ浏览器',20,'Android V5.6.0.1300','腾讯',96,0,'files/pcap/qq浏览器_160113_1.pcap','files/log/QQ浏览器_idf.log','files/flow/QQ浏览器.xls','files/topapp/QQ浏览器.html','2016-01-13 07:16:32','2016-01-13 07:19:50'),(184,'铃声多多',2,'安卓版6.8.1.0','北京多宝灵动科技有限公司',85,0,'files/pcap/铃声多多_1510131.pcap','files/log/铃声多多_idf.log','files/flow/铃声多多.xls','files/topapp/铃声多多.html','2015-10-13 07:16:07','2015-10-13 07:19:10'),(185,'google',19,'google，http://www.google.com/，http://www.google.cn/','google',0,0,'files/pcap/google_浏览器_1506251.pcap','files/log/google_idf.log','files/flow/google.xls','files/topapp/google.html','2015-06-25 02:03:16','2015-06-25 02:06:27'),(186,'360省电王',10,'安卓版2.2.3.0013','北京奇虎科技有限公司',21,0,'files/pcap/360省电王_1506252.pcap','files/log/360省电王_idf.log','files/flow/360省电王.xls','files/topapp/360省电王.html','2015-06-25 07:22:14','2015-06-25 07:25:15'),(187,'chrome',20,'Android 43.0.2357.93','google',78,0,'files/pcap/chrome_150916.pcap','files/log/chrome_idf.log','files/flow/chrome.xls','files/topapp/chrome.html','2015-09-16 07:21:35','2015-09-16 07:24:40'),(188,'支付宝钱包',16,'安卓版8.1.0.043001','支付宝（中国）网络技术有限公司',94,0,'files/pcap/支付宝_160108_1_cx4t7sk.pcap','files/log/支付宝钱包_idf.log','files/flow/支付宝钱包.xls','files/topapp/支付宝钱包.html','2016-01-08 06:47:02','2016-01-08 06:50:09'),(189,'学霸君',17,'Android 4.2.0','上海谦问万答吧云计算科技有限公司',13,0,'files/pcap/学霸君_160226_2.pcap','files/log/学霸君_idf.log','files/flow/学霸君.xls','files/topapp/学霸君.html','2016-02-26 06:47:29','2016-02-26 06:50:35'),(190,'360游戏',5,'360手机游戏 Android 4.0.10','北京奇虎科技有限公司',8,0,'files/pcap/360手机游戏_1506261.pcap','files/log/360游戏_idf.log','files/flow/360游戏.xls','files/topapp/360游戏.html','2015-06-26 07:29:47','2015-06-26 07:33:05'),(191,'百度糯米',16,'www.nuomi.com/，百度糯米4.3.1（Iphone版）','北京糯米网科技发展有限公司',90,0,'files/pcap/百度糯米_160122_1.pcap','files/log/百度糯米_idf.log','files/flow/百度糯米.xls','files/topapp/百度糯米.html','2016-01-22 02:29:27','2016-01-22 02:33:34'),(192,'氧气听书',2,'安卓版 2.0.2','天翼阅读文化传播有限公司',99,0,'files/pcap/氧气听书_1512171.pcap','files/log/氧气听书_idf.log','files/flow/氧气听书.xls','files/topapp/氧气听书.html','2015-12-17 06:43:11','2015-12-17 06:49:49'),(193,'考拉FM',2,'安卓版2.3.16','北京车语文化传媒有限公司',96,0,'files/pcap/考拉FM_1506291.pcap','files/log/考拉FM_idf.log','files/flow/考拉FM.xls','files/topapp/考拉FM.html','2015-06-29 07:49:19','2015-06-29 07:52:54'),(194,'今日半价',16,'Android 3.5.5','口袋时尚科技',4,0,'files/pcap/今日半价_1510291.pcap','files/log/今日半价_idf.log','files/flow/今日半价.xls','files/topapp/今日半价.html','2015-10-29 03:14:22','2015-10-29 03:19:50'),(195,'极品钢琴',5,'安卓版3.8','有点有趣科技（北京）有限公司',81,0,'files/pcap/极品钢琴_1511261.pcap','files/log/极品钢琴_idf.log','files/flow/极品钢琴.xls','files/topapp/极品钢琴.html','2015-11-26 02:14:43','2015-11-26 02:17:53'),(196,'咪咕音乐',2,'安卓版4.2.1.5','中国移动无线音乐基地',88,0,'files/pcap/咪咕音乐_1512041.pcap','files/log/咪咕音乐_idf.log','files/flow/咪咕音乐.xls','files/topapp/咪咕音乐.html','2015-12-04 07:36:35','2015-12-04 07:40:54'),(197,'小猿搜题',17,'Android 2.6.0','北京贞观雨科技有限公司',99,0,'files/pcap/小猿搜题_1512041.pcap','files/log/小猿搜题_idf.log','files/flow/小猿搜题.xls','files/topapp/小猿搜题.html','2015-12-04 09:26:12','2015-12-04 09:29:52'),(198,'驾校一点通',17,'Android 3.4.3','杭州联桥网络科技有限公司',94,0,'files/pcap/驾考一点通_1506301.pcap','files/log/驾校一点通_idf.log','files/flow/驾校一点通.xls','files/topapp/驾校一点通.html','2015-07-02 02:19:13','2015-07-02 02:22:16'),(199,'美乐时光',2,'安卓版1.7.0','爱美乐（北京）科技发展有限公司',99,0,'files/pcap/美乐时光_1507011.pcap','files/log/美乐时光_idf.log','files/flow/美乐时光.xls','files/topapp/美乐时光.html','2015-07-01 03:17:26','2015-07-01 03:20:41'),(200,'爱音乐',2,'安卓版6.005.002.696','天翼爱音乐文化科技有限公司',99,0,'files/pcap/爱音乐_1507011_jeEeeuu.pcap','files/log/爱音乐_idf.log','files/flow/爱音乐.xls','files/topapp/爱音乐.html','2015-10-09 08:31:31','2015-10-09 08:34:51'),(201,'易信',6,'安卓版2.9.6','网易',99,0,'files/pcap/易信_1507021.pcap','files/log/易信_idf.log','files/flow/易信.xls','files/topapp/易信.html','2015-07-02 03:04:38','2015-07-02 03:07:50'),(202,'穷游锦囊',15,'IOS 3.1.3','QYER lnc',0,0,'files/pcap/穷游_1507021.pcap','files/log/穷游锦囊_idf.log','files/flow/穷游锦囊.xls','files/topapp/穷游锦囊.html','2015-07-02 03:15:52','2015-07-02 03:19:07'),(203,'最美装修',14,'Android 1.4.2','上海齐家网信息科技股份有限公司',9,0,'files/pcap/最美装修_1507011.pcap','files/log/最美装修_idf.log','files/flow/最美装修.xls','files/topapp/最美装修.html','2015-07-02 02:54:26','2015-07-02 02:57:35'),(204,'考拉海购',16,'Android 1.3.1','网易',92,0,'files/pcap/考拉海购_1512181.pcap','files/log/考拉海购_idf.log','files/flow/考拉海购.xls','files/topapp/考拉海购.html','2015-12-18 07:52:03','2015-12-18 07:55:28'),(205,'旅游攻略',15,'Android 5.8.5','北京蚂蜂窝网络科技有限公司',85,0,'files/pcap/旅游攻略_1512211.pcap','files/log/旅游攻略_idf.log','files/flow/旅游攻略.xls','files/topapp/旅游攻略.html','2015-12-21 03:49:58','2015-12-21 03:53:17'),(206,'穷游',15,'Android 6.4.1','北京穷游天下科技发展有限公司',24,0,'files/pcap/穷游_1507022.pcap','files/log/穷游_idf.log','files/flow/穷游.xls','files/topapp/穷游.html','2015-07-03 03:40:44','2015-07-03 03:43:57'),(207,'铜掌柜理财',9,'Android 1.7.340','浙江铜米网络科技有限公司',95,0,'files/pcap/铜掌柜理财_1507022.pcap','files/log/铜掌柜理财_idf.log','files/flow/铜掌柜理财.xls','files/topapp/铜掌柜理财.html','2015-07-03 06:03:56','2015-07-03 06:07:07'),(208,'名鞋库客户端',16,'android版2.1 MingXie APP','天津千帆互动科技有限公司',12,0,'files/pcap/名鞋库_1507031.pcap','files/log/名鞋库客户端_idf.log','files/flow/名鞋库客户端.xls','files/topapp/名鞋库客户端.html','2015-07-03 02:58:14','2015-07-03 03:01:33'),(209,'京东商城',16,'http://www.360buy.com/，http://www.jd.com/','京东商城',99,0,'files/pcap/京东_160115_1.pcap','files/log/京东商城_idf.log','files/flow/京东商城.xls','files/topapp/京东商城.html','2016-01-15 03:54:53','2016-01-15 03:58:41'),(210,'凡客诚品',16,'http://www.vancl.com/、http://www.vjia.com/','凡客诚品（北京）科技有限公司',99,0,'files/pcap/凡客诚品_1507031.pcap','files/log/凡客诚品_idf.log','files/flow/凡客诚品.xls','files/topapp/凡客诚品.html','2015-07-03 09:12:29','2015-07-03 09:15:46'),(211,'讯飞输入法',17,'Android 5.1.1921','科大讯飞股份有限公司',93,0,'files/pcap/讯飞输入法_1507031.pcap','files/log/讯飞输入法_idf.log','files/flow/讯飞输入法.xls','files/topapp/讯飞输入法.html','2015-07-06 06:20:03','2015-07-06 06:23:07'),(212,'360浏览器',20,'Android 6.9.7','北京奇虎科技有限公司',60,0,'files/pcap/360浏览器_160113_1.pcap','files/log/360浏览器_idf.log','files/flow/360浏览器.xls','files/topapp/360浏览器.html','2016-01-13 07:03:28','2016-01-13 07:07:03'),(213,'一淘',16,'安卓版4.1.3','淘宝（中国）软件有限公司',90,0,'files/pcap/一淘_1507061.pcap','files/log/一淘_idf.log','files/flow/一淘.xls','files/topapp/一淘.html','2015-07-06 06:23:53','2015-07-06 06:27:02'),(214,'开迅视频',2,'安卓版5.0.11.14220','杭州开迅科技有限公司',99,0,'files/pcap/开迅视频_1507061.pcap','files/log/开迅视频_idf.log','files/flow/开迅视频.xls','files/topapp/开迅视频.html','2015-07-06 06:28:43','2015-07-06 06:32:39'),(215,'虾米音乐',2,'安卓版4.0.0','杭州缪斯客网络技术有限公司',54,0,'files/pcap/虾米音乐_1507061_bFWqy4p.pcap','files/log/虾米音乐_idf.log','files/flow/虾米音乐.xls','files/topapp/虾米音乐.html','2015-11-20 09:19:49','2015-11-20 09:25:07'),(216,'综合眼保健',14,'安卓版1.1.6','healthcare4mobile',99,0,'files/pcap/综合眼保健_1507071.pcap','files/log/综合眼保健_idf.log','files/flow/综合眼保健.xls','files/topapp/综合眼保健.html','2015-07-07 02:40:36','2015-07-07 02:43:39'),(217,'义乌购',16,'yiwugou.com','浙江中国小商品城集团股份有限公司',90,0,'files/pcap/义乌购_1507071.pcap','files/log/义乌购_idf.log','files/flow/义乌购.xls','files/topapp/义乌购.html','2015-07-07 06:59:58','2015-07-07 07:03:12'),(218,'口袋购物',16,'android版3.5.0','北京口袋时尚科技有限公司',97,0,'files/pcap/口袋购物_1507071.pcap','files/log/口袋购物_idf.log','files/flow/口袋购物.xls','files/topapp/口袋购物.html','2015-07-07 02:28:00','2015-07-07 02:31:23'),(219,'快牙',21,'Android 3.6','邻动网络科技（北京）有限公司',42,0,'files/pcap/快牙_1507071.pcap','files/log/快牙_idf.log','files/flow/快牙.xls','files/topapp/快牙.html','2015-07-07 08:43:17','2015-07-07 08:46:19'),(220,'全民K歌',2,'Android 2.5.8.238','腾讯科技（北京）有限公司',92,0,'files/pcap/全民K歌_160226_2_lWU08Oq.pcap','files/log/全民K歌_idf.log','files/flow/全民K歌.xls','files/topapp/全民K歌.html','2016-02-26 07:01:52','2016-02-26 07:06:08'),(221,'in',18,'Android 1.9.8','杭州九言科技有限公司',90,0,'files/pcap/in_1507071.pcap','files/log/in_idf.log','files/flow/in.xls','files/topapp/in.html','2015-07-07 08:38:01','2015-07-07 08:41:28'),(222,'橙牛汽车管家',15,'Android 3.4.0.0','杭州达则科技有限公司',49,0,'files/pcap/橙牛汽车管家_1511091.pcap','files/log/橙牛汽车管家_idf.log','files/flow/橙牛汽车管家.xls','files/topapp/橙牛汽车管家.html','2015-11-09 06:57:33','2015-11-09 07:00:48'),(223,'招商证券',9,'招商证券全能版v6.68，Android 3.10.15','招商证券股份有限公司',11,0,'files/pcap/招商证券_150210.pcap','files/log/招商证券_idf.log','files/flow/招商证券.xls','files/topapp/招商证券.html','2015-07-07 08:10:08','2015-07-07 08:13:13'),(224,'良仓',16,'Android 2.1.1','北京良仓文化传播有限公司',99,0,'files/pcap/良仓_1507081.pcap','files/log/良仓_idf.log','files/flow/良仓.xls','files/topapp/良仓.html','2015-07-08 06:10:31','2015-07-08 06:14:12'),(225,'汽车之家',16,'IOS 2.6.1','autohome',96,0,'files/pcap/汽车之家.pcap','files/log/汽车之家_idf.log','files/flow/汽车之家.xls','files/topapp/汽车之家.html','2016-01-19 08:44:40','2016-01-19 08:48:40'),(226,'蜻蜓FM',2,'安卓版4.4.9','上海麦克风文化传媒有限公司',96,0,'files/pcap/蜻蜓FM_160111.pcap','files/log/蜻蜓FM_idf.log','files/flow/蜻蜓FM.xls','files/topapp/蜻蜓FM.html','2016-01-11 08:12:01','2016-01-11 08:15:31'),(227,'七牛云存储',13,'http://www.qiniu.com/','上海七牛信息技术有限公司',82,0,'files/pcap/七牛云存储_1507081.pcap','files/log/七牛云存储_idf.log','files/flow/七牛云存储.xls','files/topapp/七牛云存储.html','2015-07-08 08:40:10','2015-07-08 08:43:16'),(228,'闺蜜美妆',14,'Android 2.2.0','北京智德典康电子商务有限公司',87,0,'files/pcap/闺蜜美妆_1507081.pcap','files/log/闺蜜美妆_idf.log','files/flow/闺蜜美妆.xls','files/topapp/闺蜜美妆.html','2015-07-08 09:36:10','2015-07-08 09:39:24'),(229,'飞聊',6,'飞聊，v1.3.0，Android 2.2.0002','中国移动',40,0,'files/pcap/飞聊_150313_3.pcap','files/log/飞聊_idf.log','files/flow/飞聊.xls','files/topapp/飞聊.html','2015-07-08 09:26:42','2015-07-08 09:29:46'),(230,'凤凰视频',2,'安卓版6.8.0','手机凤凰网',0,0,'files/pcap/凤凰视频_1507091.pcap','files/log/凤凰视频_idf.log','files/flow/凤凰视频.xls','files/topapp/凤凰视频.html','2015-07-09 03:01:33','2015-07-09 03:04:58'),(231,'爸爸去哪儿2',5,'爸爸去哪儿2（Iphone版） 1.0.1，安卓版1.0.1','成都蓝飞互娱科技有限公司',85,0,'files/pcap/爸爸去哪儿2_1507091.pcap','files/log/爸爸去哪儿2_idf.log','files/flow/爸爸去哪儿2.xls','files/topapp/爸爸去哪儿2.html','2015-07-09 02:55:58','2015-07-09 02:58:59'),(232,'美丽说',16,'www.meilishuo.com，美丽说Iphone版4.4.0','\"美丽时空网络科技有限公司  \"',94,0,'files/pcap/美丽说_1507091.pcap','files/log/美丽说_idf.log','files/flow/美丽说.xls','files/topapp/美丽说.html','2015-07-09 06:41:58','2015-07-09 06:45:16'),(233,'搜狗号码通',10,'Android 3.6.3.37725','北京搜狗科技发展有限公司',8,0,'files/pcap/搜狗号码通_1507091.pcap','files/log/搜狗号码通_idf.log','files/flow/搜狗号码通.xls','files/topapp/搜狗号码通.html','2015-07-09 06:28:16','2015-07-09 06:31:17'),(234,'提分',17,'Android 4.2.2','北京悦学科技有限公司',86,0,'files/pcap/提分_1507092.pcap','files/log/提分_idf.log','files/flow/提分.xls','files/topapp/提分.html','2015-07-09 06:33:27','2015-07-09 06:36:29'),(235,'聚划算',16,'安卓版2.8.0','淘宝（中国）软件有限公司',24,0,'files/pcap/聚划算_1507101.pcap','files/log/聚划算_idf.log','files/flow/聚划算.xls','files/topapp/聚划算.html','2015-07-13 01:41:39','2015-07-13 01:44:48'),(236,'多听FM',2,'安卓版2.0.2','西安多听网络科技有限公司',96,0,'files/pcap/多听FM_1507101.pcap','files/log/多听FM_idf.log','files/flow/多听FM.xls','files/topapp/多听FM.html','2015-07-10 03:10:04','2015-07-10 03:15:14'),(237,'唱吧',2,'安卓版5.1.1','北京酷智科技有限公司',98,0,'files/pcap/唱吧_160120_1.pcap','files/log/唱吧_idf.log','files/flow/唱吧.xls','files/topapp/唱吧.html','2016-01-20 03:59:14','2016-01-20 04:02:48'),(238,'同程旅游 ',15,'安卓版6.3.0 ','同程网络科技股份有限公司',0,0,'files/pcap/tclv1.pcap','files/log/同程旅游 _idf.log','files/flow/同程旅游 .xls','files/topapp/同程旅游 .html','2015-10-30 07:51:49','2015-10-30 07:55:44'),(239,'百度视频',2,'Android 7.14.1','百度在线网络技术（北京）有限公司',91,0,'files/pcap/百度视频_1507101.pcap','files/log/百度视频_idf.log','files/flow/百度视频.xls','files/topapp/百度视频.html','2015-07-13 06:45:32','2015-07-13 06:49:51'),(240,'网易云音乐',2,'Android 2.8.1','网易杭州网络有限公司',99,0,'files/pcap/网易云音乐_1601091.pcap','files/log/网易云音乐_idf.log','files/flow/网易云音乐.xls','files/topapp/网易云音乐.html','2016-01-09 08:25:39','2016-01-09 08:29:07'),(241,'百度手机助手',10,'Android 6.4.0','百度在线网络技术（北京）有限公司',83,0,'files/pcap/百度手机助手_160219_1.pcap','files/log/百度手机助手_idf.log','files/flow/百度手机助手.xls','files/topapp/百度手机助手.html','2016-02-19 06:03:57','2016-02-19 06:08:56'),(242,'免费小说吧',17,'Android 1.3.10.7924','北京雄文网络科技有限公司',97,0,'files/pcap/免费小说吧_1507131.pcap','files/log/免费小说吧_idf.log','files/flow/免费小说吧.xls','files/topapp/免费小说吧.html','2015-07-13 09:19:36','2015-07-13 09:22:38'),(243,'乐淘',16,'http://www.letao.com/','乐淘奇品',98,0,'files/pcap/乐淘_1507141.pcap','files/log/乐淘_idf.log','files/flow/乐淘.xls','files/topapp/乐淘.html','2015-07-14 06:39:35','2015-07-14 06:42:37'),(244,'汽车报价大全',16,'安卓版4.3.1','北京易车互动广告有限公司',0,0,'files/pcap/汽车报价大全_1511101.pcap','files/log/汽车报价大全_idf.log','files/flow/汽车报价大全.xls','files/topapp/汽车报价大全.html','2015-11-10 09:37:49','2015-11-10 09:41:14'),(245,'懒人听书',2,'安卓版5.0.4，5.1.3','深圳市懒人在线科技有限公司',92,0,'files/pcap/懒人听书.pcap','files/log/懒人听书_idf.log','files/flow/懒人听书.xls','files/topapp/懒人听书.html','2016-02-23 07:16:05','2016-02-23 07:20:55'),(246,'看片神器',2,'Android 1.28.1','深圳市宜搜科技发展公司',20,0,'files/pcap/看片神器_1512181.pcap','files/log/看片神器_idf.log','files/flow/看片神器.xls','files/topapp/看片神器.html','2015-12-18 08:03:56','2015-12-18 08:08:20'),(247,'相机360',12,'Android 6.2.3','成都品果科技有限公司',86,0,'files/pcap/相机360_1507141.pcap','files/log/相机360_idf.log','files/flow/相机360.xls','files/topapp/相机360.html','2015-07-14 07:50:45','2015-07-14 07:54:11'),(248,'淘粉吧',16,'安卓版 5.90','杭州迅雷网络技术有限公司',16,0,'files/pcap/淘粉吧_1507151.pcap','files/log/淘粉吧_idf.log','files/flow/淘粉吧.xls','files/topapp/淘粉吧.html','2015-07-15 06:15:35','2015-07-15 06:18:50'),(249,'有货',16,'www.yohobuy.com','南京新与力文化传播有限公司',94,0,'files/pcap/有货_1507151.pcap','files/log/有货_idf.log','files/flow/有货.xls','files/topapp/有货.html','2015-07-15 06:07:26','2015-07-15 06:10:41'),(250,'天天P图',12,'Android 2.6.3.163','腾讯',94,0,'files/pcap/天天P图_160126_1.pcap','files/log/天天P图_idf.log','files/flow/天天P图.xls','files/topapp/天天P图.html','2016-01-26 02:05:52','2016-01-26 02:09:17'),(251,'天天用车',15,'Android 2.5.0','北京天和亿科技有限公司',87,0,'files/pcap/天天用车_1507151.pcap','files/log/天天用车_idf.log','files/flow/天天用车.xls','files/topapp/天天用车.html','2015-07-15 07:41:45','2015-07-15 07:44:49'),(252,'网易',11,'http://www.163.com/','网易',56,0,'files/pcap/网易_1507151_xCDrXO9.pcap','files/log/网易_idf.log','files/flow/网易.xls','files/topapp/网易.html','2015-07-15 08:49:59','2015-07-15 08:53:09'),(253,'51信用卡管家',9,'安卓版 5.0.02','杭州恩牛网络技术有限公司',67,0,'files/pcap/51信用卡管家_1511101.pcap','files/log/51信用卡管家_idf.log','files/flow/51信用卡管家.xls','files/topapp/51信用卡管家.html','2015-11-10 02:42:01','2015-11-10 02:45:39'),(254,'音悦台',2,'安卓版 3.3.22','北京宽客网络技术有限公司',99,0,'files/pcap/音悦台_1507161.pcap','files/log/音悦台_idf.log','files/flow/音悦台.xls','files/topapp/音悦台.html','2015-07-16 02:21:53','2015-07-16 02:25:35'),(255,'卖客疯',16,'Android 1.8.2','上海尊溢商务信息咨询有限公司',99,0,'files/pcap/卖客疯_1507161.pcap','files/log/卖客疯_idf.log','files/flow/卖客疯.xls','files/topapp/卖客疯.html','2015-07-16 06:52:49','2015-07-16 06:56:52'),(256,'漫画岛',17,'Android 3.1.60','上海元聚网络科技有限公司',89,0,'files/pcap/漫画岛_1507161.pcap','files/log/漫画岛_idf.log','files/flow/漫画岛.xls','files/topapp/漫画岛.html','2015-07-16 06:47:41','2015-07-16 06:50:50'),(257,'腾讯新闻',11,'http://news.qq.com/','腾讯',91,0,'files/pcap/腾讯新闻_160113_1.pcap','files/log/腾讯新闻_idf.log','files/flow/腾讯新闻.xls','files/topapp/腾讯新闻.html','2016-01-13 06:38:43','2016-01-13 06:42:08'),(258,'360搜索',19,'http://www.so.com/','北京奇虎科技有限公司',70,0,'files/pcap/360_好搜_160118_1.pcap','files/log/360搜索_idf.log','files/flow/360搜索.xls','files/topapp/360搜索.html','2016-01-18 03:23:48','2016-01-18 03:27:14'),(259,'360优化大师',10,'安卓版1.10.1','北京奇虎科技有限公司',5,0,'files/pcap/360优化大师_1507171.pcap','files/log/360优化大师_idf.log','files/flow/360优化大师.xls','files/topapp/360优化大师.html','2015-07-17 02:35:13','2015-07-17 02:38:14'),(260,'中国新闻网',11,'http://www.chinanews.com/','中国新闻社',98,0,'files/pcap/中国新闻网_1507171.pcap','files/log/中国新闻网_idf.log','files/flow/中国新闻网.xls','files/topapp/中国新闻网.html','2015-07-17 03:52:54','2015-07-17 03:56:44'),(261,'有道',19,'有道','网易公司',91,0,'files/pcap/有道_1507171.pcap','files/log/有道_idf.log','files/flow/有道.xls','files/topapp/有道.html','2015-07-17 03:44:42','2015-07-17 03:47:48'),(262,'微视',6,'Android 3.0.1','腾讯',98,0,'files/pcap/微视_1507171.pcap','files/log/微视_idf.log','files/flow/微视.xls','files/topapp/微视.html','2015-07-17 08:53:17','2015-07-17 08:57:11'),(263,'美妆相机',12,'Android 1.1.0','厦门美图网科技有限公司',89,0,'files/pcap/美妆相机_1507171.pcap','files/log/美妆相机_idf.log','files/flow/美妆相机.xls','files/topapp/美妆相机.html','2015-07-17 08:47:28','2015-07-17 08:50:41'),(264,'QQ空间',18,'QQ空间4.6.4.1（Iphone版）','腾讯',96,0,'files/pcap/QQ空间_160112_1.pcap','files/log/QQ空间_idf.log','files/flow/QQ空间.xls','files/topapp/QQ空间.html','2016-01-12 03:52:50','2016-01-12 03:56:37'),(265,'拉手',16,'拉手网http://www.lashou.com/，拉手团购安卓版7.0.1','北京拉手网络技术有限公司',94,0,'files/pcap/拉手网_1507201.pcap','files/log/拉手_idf.log','files/flow/拉手.xls','files/topapp/拉手.html','2015-07-20 02:59:55','2015-07-20 03:03:01'),(266,'楚楚街',16,'Android 2.6.11','北京醋溜网络科技有限公司',99,0,'files/pcap/楚楚街_1512181.pcap','files/log/楚楚街_idf.log','files/flow/楚楚街.xls','files/topapp/楚楚街.html','2015-12-18 07:00:30','2015-12-18 07:04:46'),(267,'LBE安全大师',10,'Android 6.1.1504','永杨安风（北京）科技有限公司',98,0,'files/pcap/LBE安全大师_1507201.pcap','files/log/LBE安全大师_idf.log','files/flow/LBE安全大师.xls','files/topapp/LBE安全大师.html','2015-07-20 07:45:38','2015-07-20 07:48:46'),(268,'找对象',18,'安卓版2.8.0 ','北京艾瑞斯科技有限公司',78,0,'files/pcap/找对象_1507211.pcap','files/log/找对象_idf.log','files/flow/找对象.xls','files/topapp/找对象.html','2015-07-21 06:51:25','2015-07-21 06:54:31'),(269,'豆瓣FM',2,'安卓版3.2.5','北京豆瓣科技有限公司',0,0,'files/pcap/豆瓣FM_1507211.pcap','files/log/豆瓣FM_idf.log','files/flow/豆瓣FM.xls','files/topapp/豆瓣FM.html','2015-07-21 10:25:02','2015-07-21 10:29:13'),(270,'节奏大师',5,'安卓版2.2.1.1','腾讯公司',82,0,'files/pcap/节奏大师_1511251.pcap','files/log/节奏大师_idf.log','files/flow/节奏大师.xls','files/topapp/节奏大师.html','2015-11-25 08:06:26','2015-11-25 08:10:09'),(271,'微密',18,'安卓版2.9.5','南瓜屋团队',96,0,'files/pcap/微密_1507221.pcap','files/log/微密_idf.log','files/flow/微密.xls','files/topapp/微密.html','2015-07-22 09:19:38','2015-07-22 09:22:41'),(272,'随身乐队',2,'安卓版6.1.6','北京联动科技有限公司',23,0,'files/pcap/随身乐队_1507221.pcap','files/log/随身乐队_idf.log','files/flow/随身乐队.xls','files/topapp/随身乐队.html','2015-07-22 08:49:04','2015-07-22 08:52:06'),(273,'牛股王股票',9,'Android 3.1.1','北京淘金者科技有限公司',92,0,'files/pcap/牛股王股票_1601041.pcap','files/log/牛股王股票_idf.log','files/flow/牛股王股票.xls','files/topapp/牛股王股票.html','2016-01-04 03:51:16','2016-01-04 03:54:24'),(274,'多玩盒子',5,'Android 2.2.5g','广州华多网络科技有限公司',62,0,'files/pcap/多玩盒子_160111_2.pcap','files/log/多玩盒子_idf.log','files/flow/多玩盒子.xls','files/topapp/多玩盒子.html','2016-01-11 08:44:34','2016-01-11 08:47:47'),(275,'暴走漫画',17,'Android v6.4.1','西安摩摩信息技术有限公司',26,0,'files/pcap/暴走漫画_1507221.pcap','files/log/暴走漫画_idf.log','files/flow/暴走漫画.xls','files/topapp/暴走漫画.html','2015-07-22 09:39:10','2015-07-22 09:42:22'),(276,'365日历',14,'Android 5.8.1','北京问日科技有限公司',90,0,'files/pcap/365日历_1512281.pcap','files/log/365日历_idf.log','files/flow/365日历.xls','files/topapp/365日历.html','2015-12-28 07:48:20','2015-12-28 07:51:31'),(277,'快手看片',2,'安卓版7.1','上海优度宽带科技有限公司',3,0,'files/pcap/快手看片_1507231.pcap','files/log/快手看片_idf.log','files/flow/快手看片.xls','files/topapp/快手看片.html','2015-07-23 03:09:44','2015-07-23 03:13:40'),(278,'搜狗浏览器',20,'Android 3.8.4','搜狗科技',22,0,'files/pcap/搜狗浏览器_1507231.pcap','files/log/搜狗浏览器_idf.log','files/flow/搜狗浏览器.xls','files/topapp/搜狗浏览器.html','2015-07-23 08:05:49','2015-07-23 08:08:52'),(279,'学习宝',17,'Android 2.9.0','北京东方皆冠科技有限公司',90,0,'files/pcap/学习宝_1511091.pcap','files/log/学习宝_idf.log','files/flow/学习宝.xls','files/topapp/学习宝.html','2015-11-09 02:59:11','2015-11-09 03:02:15'),(280,'百度贴吧',18,'IOS 2.0.1','beijign baidu nrtcom science & technology co.,ltd',98,0,'files/pcap/百度贴吧_1507241.pcap','files/log/百度贴吧_idf.log','files/flow/百度贴吧.xls','files/topapp/百度贴吧.html','2015-07-24 08:03:25','2015-07-24 08:07:08'),(281,'水印相机',12,'Android 2.4.0.495','腾讯',91,0,'files/pcap/水印相机_1507241.pcap','files/log/水印相机_idf.log','files/flow/水印相机.xls','files/topapp/水印相机.html','2015-07-24 06:57:19','2015-07-24 07:00:21'),(282,'随手记',9,'Android 9.6.1.0','深圳市金蝶随手网科技有限公司',82,0,'files/pcap/随手记_1507241.pcap','files/log/随手记_idf.log','files/flow/随手记.xls','files/topapp/随手记.html','2015-08-10 06:24:31','2015-08-10 06:27:32'),(283,'锁屏精灵',10,'Android 4.005','上海七游网络科技发展公司',99,0,'files/pcap/锁屏精灵_1507241.pcap','files/log/锁屏精灵_idf.log','files/flow/锁屏精灵.xls','files/topapp/锁屏精灵.html','2015-07-24 07:41:29','2015-07-24 07:44:41'),(284,'大麦HD',16,'IOS 4.0.0','beijign pony media culture development co,ltd',92,0,'files/pcap/大麦_1507271.pcap','files/log/大麦HD_idf.log','files/flow/大麦HD.xls','files/topapp/大麦HD.html','2015-07-27 06:17:33','2015-07-27 06:20:48'),(285,'卡牛信用卡管家',9,'安卓版 5.8.8','深圳市金蝶随手网络科技有限公司',86,0,'files/pcap/卡牛信用卡管家_1507271.pcap','files/log/卡牛信用卡管家_idf.log','files/flow/卡牛信用卡管家.xls','files/topapp/卡牛信用卡管家.html','2015-08-10 06:17:46','2015-08-10 06:20:51'),(286,'大姨妈小助手',14,'安卓版 1.1.7','无锡阿达游软件有限公司',71,0,'files/pcap/大姨妈小助手_1512171.pcap','files/log/大姨妈小助手_idf.log','files/flow/大姨妈小助手.xls','files/topapp/大姨妈小助手.html','2015-12-17 06:31:05','2015-12-17 06:34:10'),(287,'每日英语听力',2,'安卓版 4.3.0','上海倩言网络科技有限公司',24,0,'files/pcap/每日英语听力_1511051.pcap','files/log/每日英语听力_idf.log','files/flow/每日英语听力.xls','files/topapp/每日英语听力.html','2015-11-05 03:17:34','2015-11-05 03:20:53'),(288,'爱唱',2,'安卓版5.4.5','北京众智创世科技有限公司',99,0,'files/pcap/爱唱_1507281.pcap','files/log/爱唱_idf.log','files/flow/爱唱.xls','files/topapp/爱唱.html','2015-07-28 08:29:20','2015-07-28 08:32:39'),(289,'有缘网',18,'安卓版5.0.1','北京友缘在线网络科技有限责任公司',96,0,'files/pcap/有缘网_1507281.pcap','files/log/有缘网_idf.log','files/flow/有缘网.xls','files/topapp/有缘网.html','2015-07-28 08:53:01','2015-07-28 08:56:04'),(290,'证券之星',9,'证券之星，http://www.stockstar.com/','证券之星',91,0,'files/pcap/证券之星_1507291.pcap','files/log/证券之星_idf.log','files/flow/证券之星.xls','files/topapp/证券之星.html','2015-08-10 07:57:33','2015-08-10 08:00:34'),(291,'快拍二维码',14,'安卓版2.25','北京灵动快拍信息技术有限公司',80,0,'files/pcap/快拍二维码_150810.pcap','files/log/快拍二维码_idf.log','files/flow/快拍二维码.xls','files/topapp/快拍二维码.html','2015-08-10 08:16:23','2015-08-10 08:19:23'),(292,'华夏银行',9,'www.hxb.com.cn,95577','华夏银行股份有限公司',91,0,'files/pcap/华夏银行_1507291.pcap','files/log/华夏银行_idf.log','files/flow/华夏银行.xls','files/topapp/华夏银行.html','2015-07-29 08:18:30','2015-07-29 08:21:33'),(293,'百合网',18,'www.baihe.com','北京百合在线科技有限公司　',88,0,'files/pcap/百合网_1507301.pcap','files/log/百合网_idf.log','files/flow/百合网.xls','files/topapp/百合网.html','2015-07-30 07:29:28','2015-07-30 07:32:30'),(294,'西祠',18,'www.xici.net','北京艺龙信息技术有限公司',74,0,'files/pcap/西祠胡同_1507301.pcap','files/log/西祠_idf.log','files/flow/西祠.xls','files/topapp/西祠.html','2015-08-10 09:25:21','2015-08-10 09:28:25'),(295,'乐商店',10,'安卓版 6.12.30.88','北京联想调频科技有限公司是',99,0,'files/pcap/乐商店_1507301.pcap','files/log/乐商店_idf.log','files/flow/乐商店.xls','files/topapp/乐商店.html','2015-08-11 07:38:22','2015-08-11 07:41:30'),(296,'公务员每日一题',17,'安卓版 2.12.4','北京爱普之亮科技有限公司',88,0,'files/pcap/公务员每日一题_1507301.pcap','files/log/公务员每日一题_idf.log','files/flow/公务员每日一题.xls','files/topapp/公务员每日一题.html','2015-07-30 03:27:15','2015-07-30 03:30:17'),(297,'中国网事',11,'安卓版3.0.0','浙江新华移动传媒有限公司',99,0,'files/pcap/中国网事_1507311.pcap','files/log/中国网事_idf.log','files/flow/中国网事.xls','files/topapp/中国网事.html','2015-07-31 07:20:53','2015-07-31 07:24:01'),(298,'微乐',18,'安卓版 2.5.5','福建一定火网络科技有限公司',76,0,'files/pcap/微乐_1512211.pcap','files/log/微乐_idf.log','files/flow/微乐.xls','files/topapp/微乐.html','2015-12-21 05:50:11','2015-12-21 05:53:21'),(299,'世纪佳缘',18,'www.jiayuan.com，安卓版4.40','上海花千树信息科技有限公司',89,0,'files/pcap/世纪佳缘.pcap','files/log/世纪佳缘_idf.log','files/flow/世纪佳缘.xls','files/topapp/世纪佳缘.html','2016-01-21 03:29:09','2016-01-21 03:32:47'),(300,'onefootball-足球新闻和即时比分',11,'IOS 7.8.2','onefootball gmbh',80,0,'files/pcap/onefootball_足球新闻_1507311.pcap','files/log/onefootball-足球新闻和即时比分_idf.log','files/flow/onefootball-足球新闻和即时比分.xls','files/topapp/onefootball-足球新闻和即时比分.html','2015-08-11 07:53:05','2015-08-11 07:56:08'),(301,'财新目击者',11,'IOS 2.1.2','caixin media co.,ltd',96,0,'files/pcap/财新目击者_1508031.pcap','files/log/财新目击者_idf.log','files/flow/财新目击者.xls','files/topapp/财新目击者.html','2015-08-03 07:20:37','2015-08-03 07:23:42'),(302,'behance',18,'IOS 3.31','behace LLC',94,0,'files/pcap/behance_1508031.pcap','files/log/behance_idf.log','files/flow/behance.xls','files/topapp/behance.html','2015-08-03 07:15:53','2015-08-03 07:19:09'),(303,'新浪财经',9,'安卓版 3.9','新浪网技术（中国）有限公司',47,0,'files/pcap/新浪财经_1508031.pcap','files/log/新浪财经_idf.log','files/flow/新浪财经.xls','files/topapp/新浪财经.html','2015-08-13 07:45:47','2015-08-13 07:48:49'),(304,'阅读星',17,'安卓版 5.1','杭州阅莱网络科技有限公司',27,0,'files/pcap/阅读星_1508031.pcap','files/log/阅读星_idf.log','files/flow/阅读星.xls','files/topapp/阅读星.html','2015-08-03 07:05:43','2015-08-03 07:08:46'),(305,'平安天下通',6,'Android 3.1.0','平安科技（深圳）有限公司',58,0,'files/pcap/平安天下通_1508041.pcap','files/log/平安天下通_idf.log','files/flow/平安天下通.xls','files/topapp/平安天下通.html','2015-08-04 02:54:23','2015-08-04 02:57:37'),(306,'大街网',22,'www.dajie.com','大街网',90,0,'files/pcap/大街网_160119_2.pcap','files/log/大街网_idf.log','files/flow/大街网.xls','files/topapp/大街网.html','2016-01-19 09:00:16','2016-01-19 09:03:21'),(307,'和动漫',17,'Android V3.6.141102','中国移动手机动漫基地',99,0,'files/pcap/和动漫_1508041.pcap','files/log/和动漫_idf.log','files/flow/和动漫.xls','files/topapp/和动漫.html','2015-08-04 02:43:44','2015-08-04 02:47:10'),(308,'猎豹清理大师',10,'Android 4.9.1.229','金山网络',89,0,'files/pcap/猎豹清理大师_1508041.pcap','files/log/猎豹清理大师_idf.log','files/flow/猎豹清理大师.xls','files/topapp/猎豹清理大师.html','2015-08-04 02:37:16','2015-08-04 02:40:32'),(309,'天天酷跑',5,'天天酷跑（Iphone版）1.0.11','腾讯',1,0,'files/pcap/天天酷跑_160201_1.pcap','files/log/天天酷跑_idf.log','files/flow/天天酷跑.xls','files/topapp/天天酷跑.html','2016-02-01 03:38:20','2016-02-01 03:41:37'),(310,'中国人才热线',22,'www.cjol.com','深圳市希捷尔人力资源有限公司',96,0,'files/pcap/中国人才热线_1508141.pcap','files/log/中国人才热线_idf.log','files/flow/中国人才热线.xls','files/topapp/中国人才热线.html','2015-08-14 08:46:18','2015-08-14 08:49:19'),(311,'CBOX',2,'中国网络电视台客户端CBOX，央视影音安卓版5.1.1  ','中央电视台、央视国际网络有限公司',7,0,'files/pcap/CBOX_1511301.pcap','files/log/CBOX_idf.log','files/flow/CBOX.xls','files/topapp/CBOX.html','2015-11-30 03:29:27','2015-11-30 03:32:43'),(312,'58同城',11,'www.58.com，58同城5.5.1（Iphone版）','北京五八信息技术有限公司',91,0,'files/pcap/58同城_dhQG13v.pcap','files/log/58同城_idf.log','files/flow/58同城.xls','files/topapp/58同城.html','2016-01-25 09:43:09','2016-01-25 09:46:37'),(313,'智联招聘',22,'www.zhaopin.com','北京智联三珂人才服务有限公司',97,0,'files/pcap/智联招聘_1508251.pcap','files/log/智联招聘_idf.log','files/flow/智联招聘.xls','files/topapp/智联招聘.html','2015-08-25 03:00:59','2015-08-25 03:04:03'),(314,'金山毒霸',10,'金山毒霸2012（猎豹）SP5.0，金山手机毒霸 Android 3.3.1.1521','金山软件股份有限公司',98,0,'files/pcap/金山毒霸_160222_1.pcap','files/log/金山毒霸_idf.log','files/flow/金山毒霸.xls','files/topapp/金山毒霸.html','2016-02-22 02:40:04','2016-02-22 02:43:19'),(315,'中国光大银行',9,'中国光大银行','中国光大银行股份有限公司',56,0,'files/pcap/光大银行_1508071.pcap','files/log/中国光大银行_idf.log','files/flow/中国光大银行.xls','files/topapp/中国光大银行.html','2015-08-07 07:51:41','2015-08-07 07:54:47'),(316,'珍爱网',18,'www.zhenai.com','深圳市珍爱网信息技术有限公司',92,0,'files/pcap/珍爱网_160226_2.pcap','files/log/珍爱网_idf.log','files/flow/珍爱网.xls','files/topapp/珍爱网.html','2016-02-26 06:52:11','2016-02-26 06:55:23'),(317,'前程无忧',22,'www.51job.com，安卓版2.7.2','前锦网络信息技术（上海）有限公司',98,0,'files/pcap/前程无忧160120_1.pcap','files/log/前程无忧_idf.log','files/flow/前程无忧.xls','files/topapp/前程无忧.html','2016-01-20 02:28:27','2016-01-20 02:31:33'),(318,'优购',16,'www.yougou.com','Yougou科技有限公司',99,0,'files/pcap/优购网_1508111.pcap','files/log/优购_idf.log','files/flow/优购.xls','files/topapp/优购.html','2015-08-11 09:49:13','2015-08-11 09:52:41'),(319,'银泰网',16,'www.yintai.com','银泰电子商务有限公司',54,0,'files/pcap/银泰网_1508111.pcap','files/log/银泰网_idf.log','files/flow/银泰网.xls','files/topapp/银泰网.html','2015-08-11 07:14:19','2015-08-11 07:17:23'),(320,'当当网',16,'http://www.dangdang.com/，安卓版5.5.0','北京当当网信息技术有限公司',93,0,'files/pcap/当当网_1510151.pcap','files/log/当当网_idf.log','files/flow/当当网.xls','files/topapp/当当网.html','2015-10-15 03:02:35','2015-10-15 03:05:41'),(321,'梦芭莎',16,'http://www.moonbasa.com/','摩拉公司',98,0,'files/pcap/梦芭莎_1508121.pcap','files/log/梦芭莎_idf.log','files/flow/梦芭莎.xls','files/topapp/梦芭莎.html','2015-08-12 06:02:58','2015-08-12 06:06:12'),(322,'nice',18,'Android 3.2.8','北京好赞移动科技有限公司',98,0,'files/pcap/nice_1507271.pcap','files/log/nice_idf.log','files/flow/nice.xls','files/topapp/nice.html','2015-09-11 07:35:34','2015-09-11 07:38:37'),(323,'她社区',18,'Android 1.8.1','浪淘金（北京）科技有限公司',5,0,'files/pcap/她社区_1507271.pcap','files/log/她社区_idf.log','files/flow/她社区.xls','files/topapp/她社区.html','2015-08-12 09:04:35','2015-08-12 09:07:38'),(324,'友盟',23,'http://www.umeng.com/','深圳市友盟旅运有限公司',0,0,'files/pcap/友盟_1508101.pcap','files/log/友盟_idf.log','files/flow/友盟.xls','files/topapp/友盟.html','2015-09-10 03:35:23','2015-09-10 03:38:30'),(325,'wifi共享精灵',10,'3.1','南京同享网络科技有限公司',12,0,'files/pcap/WiFi共享精灵_1508111.pcap','files/log/wifi共享精灵_idf.log','files/flow/wifi共享精灵.xls','files/topapp/wifi共享精灵.html','2015-08-12 08:43:07','2015-08-12 08:46:11'),(326,'淘世界',16,'Android 4.1.0','爱尚找宝（北京）贸易有限公司',99,0,'files/pcap/淘世界_1508121.pcap','files/log/淘世界_idf.log','files/flow/淘世界.xls','files/topapp/淘世界.html','2015-08-12 08:37:20','2015-08-12 08:41:38'),(327,'新蛋',16,'http://www.newegg.com.cn/','中国新蛋网',98,0,'files/pcap/新蛋_1509171.pcap','files/log/新蛋_idf.log','files/flow/新蛋.xls','files/topapp/新蛋.html','2015-09-17 02:37:59','2015-09-17 02:41:18'),(328,'走秀网',16,'www.xiu.com','深圳走秀网络科技有限公司',99,0,'files/pcap/走秀网_1508131.pcap','files/log/走秀网_idf.log','files/flow/走秀网.xls','files/topapp/走秀网.html','2015-08-13 07:35:51','2015-08-13 07:38:59'),(329,'高朋网',16,'www.gaopeng.com，原F团http://www.ftuan.com','美国最大团购网站Groupon与腾讯合资的中文版Groupon团购站',4,0,'files/pcap/高朋网_1508141.pcap','files/log/高朋网_idf.log','files/flow/高朋网.xls','files/topapp/高朋网.html','2015-08-14 03:44:18','2015-08-14 03:47:21'),(330,'易迅',16,'http://www.51buy.com/，http://www.yixun.com/','上海易迅电子商务发展有限公司',89,0,'files/pcap/易迅_1508142.pcap','files/log/易迅_idf.log','files/flow/易迅.xls','files/topapp/易迅.html','2015-08-14 07:38:29','2015-08-14 07:41:33'),(331,'麦包包',16,'http://www.mbaobao.com/','嘉兴市麦包包网络科技有限公司',97,0,'files/pcap/麦包包_1508141.pcap','files/log/麦包包_idf.log','files/flow/麦包包.xls','files/topapp/麦包包.html','2015-08-14 03:33:56','2015-08-14 03:37:10'),(332,'V店',16,'Android 2.2.0','上海微盟企业发展有限公司',82,0,'files/pcap/V店_1508131.pcap','files/log/V店_idf.log','files/flow/V店.xls','files/topapp/V店.html','2015-08-14 08:00:54','2015-08-14 08:04:24'),(333,'阿里巴巴',16,'Android 5.1.3.3','阿里巴巴（中国）网络技术有限公司',29,0,'files/pcap/阿里巴巴_1508142.pcap','files/log/阿里巴巴_idf.log','files/flow/阿里巴巴.xls','files/topapp/阿里巴巴.html','2016-01-07 07:36:36','2016-01-07 07:39:42'),(334,'阿里旺旺',6,'阿里旺旺，v2011正式版SP2（7.00.20C），8.00.33C，8.00.39C，Android V3.3.1','阿里巴巴集团',96,0,'files/pcap/阿里旺旺_160112_2.pcap','files/log/阿里旺旺_idf.log','files/flow/阿里旺旺.xls','files/topapp/阿里旺旺.html','2016-01-12 07:46:41','2016-01-12 07:49:46'),(335,'亚马逊',16,'http://www.amazon.cn/，安卓版3.0.0','亚马逊中国',88,0,'files/pcap/亚马逊_1509161.pcap','files/log/亚马逊_idf.log','files/flow/亚马逊.xls','files/topapp/亚马逊.html','2015-09-16 07:00:50','2015-09-16 07:04:04'),(336,'拍拍网',16,'http://www.paipai.com/','腾讯公司',98,0,'files/pcap/拍拍网_1508171.pcap','files/log/拍拍网_idf.log','files/flow/拍拍网.xls','files/topapp/拍拍网.html','2015-08-17 06:06:09','2015-08-17 06:09:19'),(337,'中国建设银行',17,'建设银行网银，http://www.ccb.com/，安卓版3.10','中国建设银行',87,0,'files/pcap/中国建设银行_160125_1.pcap','files/log/中国建设银行_idf.log','files/flow/中国建设银行.xls','files/topapp/中国建设银行.html','2016-01-25 02:00:58','2016-01-25 02:04:12'),(338,'开心网',18,'开心网，http://www.kaixin001.com/','开心网',76,0,'files/pcap/开心网_1508181.pcap','files/log/开心网_idf.log','files/flow/开心网.xls','files/topapp/开心网.html','2015-08-18 03:49:10','2015-08-18 03:52:12'),(339,'kuwo',3,'酷我音乐盒，6.1.1.7，v7.1.0.1，Android 6.6.5','酷我科技',99,0,'files/pcap/酷我音乐_160115_1.pcap','files/log/kuwo_idf.log','files/flow/kuwo.xls','files/topapp/kuwo.html','2016-01-15 05:34:10','2016-01-15 05:38:39'),(340,'激动网',2,'www.joy.cn','激动集团，上海激动网络股份有限公司',99,0,'files/pcap/激动网_1508181.pcap','files/log/激动网_idf.log','files/flow/激动网.xls','files/topapp/激动网.html','2015-08-18 06:08:47','2015-08-18 06:12:10'),(341,'ftp',21,'File Transfer Protocol，数据传输协议','通用',95,0,'files/pcap/ftp_1508181.pcap','files/log/ftp_idf.log','files/flow/ftp.xls','files/topapp/ftp.html','2015-08-18 04:01:35','2015-08-18 04:04:47'),(342,'58到家',14,'Android 3.1.4.0','天津五八到家生活服务有限公司',88,0,'files/pcap/58到家_1508171.pcap','files/log/58到家_idf.log','files/flow/58到家.xls','files/topapp/58到家.html','2015-08-18 06:52:25','2015-08-18 06:55:30'),(343,'阿里云',4,'http://www.aliyun.com/','阿里云计算有限公司',0,0,'files/pcap/阿里云_1508171.pcap','files/log/阿里云_idf.log','files/flow/阿里云.xls','files/topapp/阿里云.html','2015-09-11 09:31:57','2015-09-11 09:35:06'),(344,'dhcp',4,'Dynamic Host Configuration Protocol，DHCP协议','通用',13,0,'files/pcap/dhcp_2.pcap','files/log/dhcp_idf.log','files/flow/dhcp.xls','files/topapp/dhcp.html','2015-08-18 09:04:14','2015-08-18 09:07:14'),(345,'天天飞车',5,'android版1.2.5.40405','腾讯',78,0,'files/pcap/天天飞车_1508191.pcap','files/log/天天飞车_idf.log','files/flow/天天飞车.xls','files/topapp/天天飞车.html','2015-08-19 06:17:20','2015-08-19 06:20:30'),(346,'纹字锁屏',10,'Android 4.8','酷吧时代科技（北京）有限公司',96,0,'files/pcap/纹字锁屏1508191.pcap','files/log/纹字锁屏_idf.log','files/flow/纹字锁屏.xls','files/topapp/纹字锁屏.html','2015-08-19 09:29:20','2015-08-19 09:32:24'),(347,'mysql',24,'mysql数据库','Oracle公司',42,0,'files/pcap/mysql_1508191.pcap','files/log/mysql_idf.log','files/flow/mysql.xls','files/topapp/mysql.html','2015-08-20 07:30:14','2015-08-20 07:34:49'),(348,'大智慧',9,'大智慧新一代，v6.0，v7.04.11.0920，Android V7.52，Android 7.60','上海大智慧网络技术有限公司',97,0,'files/pcap/大智慧_1508201.pcap','files/log/大智慧_idf.log','files/flow/大智慧.xls','files/topapp/大智慧.html','2015-08-21 02:32:51','2015-08-21 02:35:54'),(349,'脸萌',12,'Android 3.4.0','深圳市腾华兄弟科技有限公司',10,0,'files/pcap/脸萌_1508201.pcap','files/log/脸萌_idf.log','files/flow/脸萌.xls','files/topapp/脸萌.html','2015-08-20 06:47:16','2015-08-20 06:50:16'),(350,'pop3',1,'pop3协议，Post Office Protocol 3','通用',0,0,'files/pcap/pop3.pcap','files/log/pop3_idf.log','files/flow/pop3.xls','files/topapp/pop3.html','2015-08-21 03:53:50','2015-08-21 03:56:51'),(351,'通达信',9,'新浪_通信达，v1.0.0.1，Android 1.22','深圳市财富趋势科技有限责任公司、新浪网',98,0,'files/pcap/通达信_1508211.pcap','files/log/通达信_idf.log','files/flow/通达信.xls','files/topapp/通达信.html','2015-08-21 07:47:37','2015-08-21 07:50:40'),(352,'天猫',16,'www.tmall.com','浙江天猫网络有限公司',1,0,'files/pcap/天猫_160127_1_KgS2XYW.pcap','files/log/天猫_idf.log','files/flow/天猫.xls','files/topapp/天猫.html','2016-01-27 06:05:26','2016-01-27 06:09:27'),(353,'http',20,'hypertext transport protocol，超文本传送协议，80端口','通用',0,0,'files/pcap/http.pcap','files/log/http_idf.log','files/flow/http.xls','files/topapp/http.html','2015-08-21 07:11:04','2015-08-21 07:14:10'),(354,'有道词典',17,'有道词典，6.0.49.4597，有道词典HD 1.0.0，android版5.0.3','网易有道信息技术（北京）有限公司',99,0,'files/pcap/有道词典.pcap','files/log/有道词典_idf.log','files/flow/有道词典.xls','files/topapp/有道词典.html','2016-01-25 05:47:28','2016-01-25 05:52:10'),(355,'神雕侠侣',5,'1.4.15，Android 1.3.0.','完美世界',17,0,'files/pcap/神雕侠侣_1508241.pcap','files/log/神雕侠侣_idf.log','files/flow/神雕侠侣.xls','files/topapp/神雕侠侣.html','2015-08-24 08:26:41','2015-08-24 08:29:42'),(356,'酷云',13,'Android 8.01.001','宇龙计算机通信科技（深圳）有限公司',87,0,'files/pcap/酷云_1508211.pcap','files/log/酷云_idf.log','files/flow/酷云.xls','files/topapp/酷云.html','2015-08-24 09:38:55','2015-08-24 09:41:57'),(357,'蜜芽',16,'Android 3.4.1','北京花旺在线商贸有限公司',99,0,'files/pcap/蜜芽_1508241.pcap','files/log/蜜芽_idf.log','files/flow/蜜芽.xls','files/topapp/蜜芽.html','2015-08-24 09:33:54','2015-08-24 09:37:09'),(358,'土巴兔',14,'Android 3.0','深圳市彬讯科技有限公司',99,0,'files/pcap/土巴兔.pcap','files/log/土巴兔_idf.log','files/flow/土巴兔.xls','files/topapp/土巴兔.html','2016-01-13 09:11:31','2016-01-13 09:14:43'),(359,'水果忍者',5,'安卓版1.9.1,1.9.0','深圳市创梦天地科技有限公司',65,0,'files/pcap/水果忍者_1508251.pcap','files/log/水果忍者_idf.log','files/flow/水果忍者.xls','files/topapp/水果忍者.html','2015-08-25 02:55:19','2015-08-25 02:58:22'),(360,'好123',11,'www.hao123.com','百度旗下网站，',95,0,'files/pcap/好123_1508251.pcap','files/log/好123_idf.log','files/flow/好123.xls','files/topapp/好123.html','2015-08-26 06:43:09','2015-08-26 06:46:40'),(361,'字体管家',10,'Android 5.1.4','北京奇思众和科技有限公司',4,0,'files/pcap/字体管家_1508251.pcap','files/log/字体管家_idf.log','files/flow/字体管家.xls','files/topapp/字体管家.html','2015-08-25 09:04:25','2015-08-25 09:07:46'),(362,'鲁大师',10,'鲁大师，3.75.14.1058，PAD版1.0.13.0418，Android 4.0.14.1105  ','成都奇英科技有限公司',15,0,'files/pcap/鲁大师_1510102.pcap','files/log/鲁大师_idf.log','files/flow/鲁大师.xls','files/topapp/鲁大师.html','2015-10-10 05:53:23','2015-10-10 05:56:24'),(363,'今日头条',11,'安卓版3.5.0','北京字节跳动科技有限公司',76,0,'files/pcap/今日头条_160111_1.pcap','files/log/今日头条_idf.log','files/flow/今日头条.xls','files/topapp/今日头条.html','2016-01-11 09:01:31','2016-01-11 09:05:00'),(364,'糗事百科',18,'安卓版2.8.8，Android 3.3.1','友际无限（北京）科技有限公司',99,0,'files/pcap/糗事百科.pcap','files/log/糗事百科_idf.log','files/flow/糗事百科.xls','files/topapp/糗事百科.html','2016-01-27 07:07:43','2016-01-27 07:11:21'),(365,'开卷有益',17,'Android V6.4','上海第九城市信息技术有限公司',97,0,'files/pcap/开卷小说_1508261.pcap','files/log/开卷有益_idf.log','files/flow/开卷有益.xls','files/topapp/开卷有益.html','2015-08-26 07:55:50','2015-08-26 07:58:54'),(366,'个推',4,'http://www.getui.com/','浙江每日互动网络科技有限公司',0,0,'files/pcap/个推_1508251.pcap','files/log/个推_idf.log','files/flow/个推.xls','files/topapp/个推.html','2015-09-11 02:50:16','2015-09-11 02:53:27'),(367,'又拍云',13,'https://www.upyun.com/index.html','杭州又拍云科技有限公司',63,0,'files/pcap/又拍云_1508251.pcap','files/log/又拍云_idf.log','files/flow/又拍云.xls','files/topapp/又拍云.html','2015-08-26 06:09:58','2015-08-26 06:13:02'),(368,'美颜相机',12,'安卓版2.5.0','厦门美图网科技有限公司',63,0,'files/pcap/美颜相机_160119_1.pcap','files/log/美颜相机_idf.log','files/flow/美颜相机.xls','files/topapp/美颜相机.html','2016-01-19 06:31:51','2016-01-19 06:34:59'),(369,'掌中英语',17,'安卓版3.3.2.140627，V3.5.0.140815','广州掌英信息科技有限公司',91,0,'files/pcap/掌中英语_1508271.pcap','files/log/掌中英语_idf.log','files/flow/掌中英语.xls','files/topapp/掌中英语.html','2015-10-10 09:37:05','2015-10-10 09:40:07'),(370,'猫眼电影',16,'安卓版5.0','北京三快科技有限公司',75,0,'files/pcap/猫眼电影_1508281.pcap','files/log/猫眼电影_idf.log','files/flow/猫眼电影.xls','files/topapp/猫眼电影.html','2015-08-28 03:19:31','2015-08-28 03:22:37'),(371,'爱帮公交',15,'Android 5.5.2','爱帮聚信（北京）科技有限公司',96,0,'files/pcap/爱帮公交_1508311.pcap','files/log/爱帮公交_idf.log','files/flow/爱帮公交.xls','files/topapp/爱帮公交.html','2015-10-13 03:20:02','2015-10-13 03:23:11'),(372,'味库',14,'Android 1.3.4','北京微酷客科技有限公司',93,0,'files/pcap/味库_1508311.pcap','files/log/味库_idf.log','files/flow/味库.xls','files/topapp/味库.html','2015-10-13 07:48:52','2015-10-13 07:52:04'),(373,'开心消消乐',5,'Android 1.13','乐元素公司',81,0,'files/pcap/开心消消乐.pcap','files/log/开心消消乐_idf.log','files/flow/开心消消乐.xls','files/topapp/开心消消乐.html','2016-01-28 09:32:47','2016-01-28 09:35:49'),(374,'小说大全',17,'Android 1.0.20','北京奇虎科技有限公司',58,0,'files/pcap/小说大全_150902_2.pcap','files/log/小说大全_idf.log','files/flow/小说大全.xls','files/topapp/小说大全.html','2015-09-08 02:06:11','2015-09-08 02:09:14'),(375,'布卡漫画',17,'Android 1.8.0.30','北京布卡动漫有限公司',94,0,'files/pcap/布卡漫画_1509011.pcap','files/log/布卡漫画_idf.log','files/flow/布卡漫画.xls','files/topapp/布卡漫画.html','2015-10-16 03:31:41','2015-10-16 03:34:56'),(376,'中彩票',9,'Android 2.2.4','北京中彩汇网络科技有限公司',49,0,'files/pcap/中彩票_1509011.pcap','files/log/中彩票_idf.log','files/flow/中彩票.xls','files/topapp/中彩票.html','2015-09-02 06:17:41','2015-09-02 06:20:42'),(377,'片刻网',18,'全新的中文创作平台，http://pianke.me/，Android V2.3.0','北京片刻时光网络科技发展有限公司',30,0,'files/pcap/片刻_1509011.pcap','files/log/片刻网_idf.log','files/flow/片刻网.xls','files/topapp/片刻网.html','2015-10-13 08:12:04','2015-10-13 08:15:25'),(378,'360手机助手',10,'Android 3.0.65','北京奇虎科技有限公司',0,0,'files/pcap/360手机助手_160201_1.pcap','files/log/360手机助手_idf.log','files/flow/360手机助手.xls','files/topapp/360手机助手.html','2016-02-01 03:08:27','2016-02-01 03:11:36'),(379,'虎扑',2,'dew','rwer',0,0,'files/pcap/虎扑.pcap','files/log/虎扑_idf.log','files/flow/虎扑.xls','files/topapp/虎扑.html','2015-09-14 03:33:53','2015-09-14 03:37:02'),(380,'亲朋游戏',5,'亲朋游戏，v3.0.0.0，3.1.168.16','亲朋棋牌游戏公司',12,0,'files/pcap/亲朋游戏.pcap','files/log/亲朋游戏_idf.log','files/flow/亲朋游戏.xls','files/topapp/亲朋游戏.html','2015-09-14 06:40:16','2015-09-14 06:43:37'),(381,'人人',18,'www.renren.com，校内网，http://www.xiaonei.com/，人人网android版V7.5.6，人人HD安卓版4.0.1','北京千橡网景科技发展有限公司',97,0,'files/pcap/人人_1511181.pcap','files/log/人人_idf.log','files/flow/人人.xls','files/topapp/人人.html','2015-11-18 03:21:49','2015-11-18 03:25:14'),(382,'金山快盘',13,'kuaipan.cn','金山公司',45,0,'files/pcap/快盘_1509162.pcap','files/log/金山快盘_idf.log','files/flow/金山快盘.xls','files/topapp/金山快盘.html','2015-09-16 06:53:21','2015-09-16 06:56:21'),(383,'唯品会',16,'www.vipshop.com，www.vip.com','广州唯品会信息科技有限公司',98,0,'files/pcap/唯品会_1512101.pcap','files/log/唯品会_idf.log','files/flow/唯品会.xls','files/topapp/唯品会.html','2015-12-10 03:09:57','2015-12-10 03:13:50'),(384,'搜房网',14,'安卓版6.0.0，Android 6.3.0','北京搜房网络技术有限公司',91,0,'files/pcap/搜房网_1511251.pcap','files/log/搜房网_idf.log','files/flow/搜房网.xls','files/topapp/搜房网.html','2015-11-25 08:00:46','2015-11-25 08:04:08'),(385,'苏宁',16,'www.suning.com，苏宁易购android版2.4.2.1','苏宁电器',90,0,'files/pcap/苏宁易购_1510231.pcap','files/log/苏宁_idf.log','files/flow/苏宁.xls','files/topapp/苏宁.html','2015-10-23 03:15:22','2015-10-23 03:18:31'),(386,'网游天下',5,'www.17173.com,中国游戏第一门户站','北京搜狐互联网信息服务有限公司',80,0,'files/pcap/网游天下_1509171.pcap','files/log/网游天下_idf.log','files/flow/网游天下.xls','files/topapp/网游天下.html','2015-09-17 02:23:56','2015-09-17 02:27:12'),(387,'上品折扣',16,'www.shopin.net','北京市上品商业发展有限责任公司',98,0,'files/pcap/上品折扣_1509181.pcap','files/log/上品折扣_idf.log','files/flow/上品折扣.xls','files/topapp/上品折扣.html','2015-09-18 02:14:28','2015-09-18 02:17:51'),(388,'美团',16,'www.meituan.com','北京三快科技有限公司',96,0,'files/pcap/美团_160118_1.pcap','files/log/美团_idf.log','files/flow/美团.xls','files/topapp/美团.html','2016-01-18 02:25:46','2016-01-18 02:29:09'),(389,'99游戏',5,'网龙99游戏，http://www.99.com/','福建网龙计算机网络信息技术有限公司',96,0,'files/pcap/99游戏_1509181.pcap','files/log/99游戏_idf.log','files/flow/99游戏.xls','files/topapp/99游戏.html','2015-09-18 09:22:54','2015-09-18 09:26:06'),(390,'美图网',12,'xiuxiu.meitu.com/','美图公司 ',71,0,'files/pcap/美图网_1509211.pcap','files/log/美图网_idf.log','files/flow/美图网.xls','files/topapp/美图网.html','2015-09-21 02:15:08','2015-09-21 02:18:17'),(391,'1号店',16,'http://www.yihaodian.com，http://www.yhd.com，android版3.1.8','上海益实多电子商务有限公司',97,0,'files/pcap/1号店_1510261.pcap','files/log/1号店_idf.log','files/flow/1号店.xls','files/topapp/1号店.html','2015-10-26 02:31:07','2015-10-26 02:34:25'),(392,'qq',6,'QQ，1.99.8820.0，含QQ视频、Tencent Messenger、QQ_FILE、QQ_Audio，V4.6.2.1853（含QQ视频、语音通话、QQ文件）Iphone版，Android  v 5.3.2.2355','腾讯公司',95,0,'files/pcap/qq_1601072.pcap','files/log/qq_idf.log','files/flow/qq.xls','files/topapp/qq.html','2016-01-07 07:05:24','2016-01-07 07:08:33'),(393,'pplive（pptv）',2,'pplive（pptv）网络电视 3.5.7，pptv Android 4.1.5','PPLive',98,0,'files/pcap/pptv_160112_1.pcap','files/log/pplive（pptv）_idf.log','files/flow/pplive（pptv）.xls','files/topapp/pplive（pptv）.html','2016-01-12 03:37:43','2016-01-12 03:41:19'),(394,'sohutv',2,'搜狐视频，http://tv.sohu.com/，客户端4.5.18.6，搜狐视频PAD版3.4.0，android版V2.7','\"飞狐信息技术(天津)有限公司 \"',98,0,'files/pcap/搜狐视频_160113_1.pcap','files/log/sohutv_idf.log','files/flow/sohutv.xls','files/topapp/sohutv.html','2016-01-13 07:20:39','2016-01-13 07:25:01'),(395,'safe360',10,'360安全卫士，v7.3.0.2001，9.6.0.2002，Android v5.2.3.1061，Android  v 5.4.5.1039','360安全中心',57,0,'files/pcap/360卫士_160219_1.pcap','files/log/safe360_idf.log','files/flow/safe360.xls','files/topapp/safe360.html','2016-02-19 08:58:58','2016-02-19 09:02:03'),(396,'芒果TV',2,'http://www.imgo.tv/，www.hunantv.com，客户端v4.0.0.54，Android 4.1 ','湖南快乐阳光互动娱乐传媒有限公司',98,0,'files/pcap/芒果TV_1509231.pcap','files/log/芒果TV_idf.log','files/flow/芒果TV.xls','files/topapp/芒果TV.html','2015-09-23 06:45:09','2015-09-23 06:48:27'),(397,'sogou',17,'搜狗拼音输入法，6.7.0.747，6.0正式版','搜狗',97,0,'files/pcap/sogou_1601072.pcap','files/log/sogou_idf.log','files/flow/sogou.xls','files/topapp/sogou.html','2016-01-07 08:41:08','2016-01-07 08:44:11'),(398,'搜狗搜索',19,'http://www.sogou.com/','搜狐公司',85,0,'files/pcap/搜狗搜索_1509251.pcap','files/log/搜狗搜索_idf.log','files/flow/搜狗搜索.xls','files/topapp/搜狗搜索.html','2015-09-25 07:50:45','2015-09-25 07:54:03'),(399,'风行',2,'风行，2.8.6.51，3.0.3.45，Android  v 2.2.4.2','北京风行在线技术有限公司',98,0,'files/pcap/风行_1512111.pcap','files/log/风行_idf.log','files/flow/风行.xls','files/topapp/风行.html','2015-12-11 07:32:12','2015-12-11 07:39:29'),(400,'乐视',2,'乐视网http://www.letv.com，乐视视频 5.3.1，Android V5.5.3','乐视网信息技术（北京）股份有限公司',84,0,'files/pcap/乐视_1512101.pcap','files/log/乐视_idf.log','files/flow/乐视.xls','files/topapp/乐视.html','2015-12-10 02:46:02','2015-12-10 02:50:28'),(401,'QQ音乐',2,'QQ音乐，1.3.3470.1029，11.44.3879.0107，QQ音乐4.0（Iphone版），Android 5.0.0.25','腾讯公司',94,0,'files/pcap/qq音乐_160114_1.pcap','files/log/QQ音乐_idf.log','files/flow/QQ音乐.xls','files/topapp/QQ音乐.html','2016-02-26 07:30:29','2016-02-26 07:34:44'),(402,'FlashGet',3,'快车，3.7.0.1216','趋势媒体集团',16,0,'files/pcap/flashget_1509282.pcap','files/log/FlashGet_idf.log','files/flow/FlashGet.xls','files/topapp/FlashGet.html','2015-09-28 07:59:05','2015-09-28 08:02:39'),(403,'天天动听',2,'安卓版v7.2.0，Android 7.5.1 ','上海水渡石信息技术有限公司',45,0,'files/pcap/天天动听_1509291.pcap','files/log/天天动听_idf.log','files/flow/天天动听.xls','files/topapp/天天动听.html','2015-10-14 07:53:17','2015-10-14 07:57:05'),(404,'爱奇艺',2,'www.qiyi.com，www.iqiyi.com，爱奇艺PPS V3.7.12.2267','百度',93,0,'files/pcap/爱奇艺_160108_1.pcap','files/log/爱奇艺_idf.log','files/flow/爱奇艺.xls','files/topapp/爱奇艺.html','2016-01-08 02:22:39','2016-01-08 02:31:08'),(405,'土豆',2,'土豆网，http://www.tudou.com/，客户端3.7.6.6231，Android V4.4.2，Android v4.7.','土豆网',10,0,'files/pcap/土豆_160111_1.pcap','files/log/土豆_idf.log','files/flow/土豆.xls','files/topapp/土豆.html','2016-01-11 03:02:03','2016-01-11 03:05:47'),(406,'优酷',2,'优酷网，http://www.youku.com/，客户端6.0.0.3110，Android V4.3，Android 4.4.3','优酷',89,0,'files/pcap/youku.pcap','files/log/优酷_idf.log','files/flow/优酷.xls','files/topapp/优酷.html','2015-10-21 09:04:36','2015-10-21 09:08:16'),(407,'360云盘',13,'yunpan.360.cn','奇虎360',94,0,'files/pcap/360云盘_160229_1.pcap','files/log/360云盘_idf.log','files/flow/360云盘.xls','files/topapp/360云盘.html','2016-02-29 02:15:19','2016-02-29 02:21:57'),(408,'暴风影音',2,'暴风影音，5.30.1031.1111，5.39.0721.1111，Android V 5.0.40','北京暴风网际科技有限公司',77,0,'files/pcap/暴风影音_1511261.pcap','files/log/暴风影音_idf.log','files/flow/暴风影音.xls','files/topapp/暴风影音.html','2015-11-26 03:07:39','2015-11-26 03:12:48'),(409,'酷6',2,'酷6，http://www.ku6.com/，3.0.0.1，Android 2.11.8','酷6网',97,0,'files/pcap/酷6_1510121.pcap','files/log/酷6_idf.log','files/flow/酷6.xls','files/topapp/酷6.html','2015-10-12 02:26:02','2015-10-12 02:31:00'),(410,'百度影音',2,'百度影音， 1.17.0.72，4.1.1.73，http://player.baidu.com/','百度',56,0,'files/pcap/百度影音_1510121.pcap','files/log/百度影音_idf.log','files/flow/百度影音.xls','files/topapp/百度影音.html','2015-10-12 02:19:08','2015-10-12 02:23:24'),(411,'携程旅游',15,'安卓版5.7.1，Android v6.1.1','携程计算机技术（上海）有限公司',95,0,'files/pcap/携程旅游.pcap','files/log/携程旅游_idf.log','files/flow/携程旅游.xls','files/topapp/携程旅游.html','2016-01-29 01:18:56','2016-01-29 01:22:26'),(412,'滴滴打车',15,'安卓版2.7.3.1，2.8.4，Android 3.3.1','北京小桔科技有限公司',67,0,'files/pcap/滴滴打车_1510141.pcap','files/log/滴滴打车_idf.log','files/flow/滴滴打车.xls','files/topapp/滴滴打车.html','2015-10-14 08:12:25','2015-10-14 08:15:28'),(413,'腾讯手机管家',10,'Android 5.3.0','腾讯',0,0,'files/pcap/腾讯手机管家_1511061_yjywmDn.pcap','files/log/腾讯手机管家_idf.log','files/flow/腾讯手机管家.xls','files/topapp/腾讯手机管家.html','2016-01-25 06:24:30','2016-01-25 06:28:24'),(414,'百度地图',15,'安卓版6.7.0，Android 7.8.0','百度公司',95,0,'files/pcap/百度地图_160115_2.pcap','files/log/百度地图_idf.log','files/flow/百度地图.xls','files/topapp/百度地图.html','2016-01-15 03:44:02','2016-01-15 03:52:34'),(415,'QQ阅读',17,'安卓版4.6.1.680，Android 4.9','腾讯（科技）深圳有限公司',97,0,'files/pcap/QQ阅读_160125_1.pcap','files/log/QQ阅读_idf.log','files/flow/QQ阅读.xls','files/topapp/QQ阅读.html','2016-01-25 02:05:29','2016-01-25 02:09:05'),(416,'聚美优品',16,'www.jumei.com，安卓版2.432','北京创锐文化传媒有限公司',98,0,'files/pcap/聚美优品.pcap','files/log/聚美优品_idf.log','files/flow/聚美优品.xls','files/topapp/聚美优品.html','2016-01-15 07:37:17','2016-01-15 07:41:09'),(417,'足记',12,'Android 2.3.7.1','上海如书文化传播有限公司',89,0,'files/pcap/足记_1508281.pcap','files/log/足记_idf.log','files/flow/足记.xls','files/topapp/足记.html','2015-10-19 08:06:29','2015-10-19 08:09:51'),(418,'哔哩哔哩动画',2,'Android 4.4','上海幻电信息科技有限公司',99,0,'files/pcap/哔哩哔哩动画_1601091.pcap','files/log/哔哩哔哩动画_idf.log','files/flow/哔哩哔哩动画.xls','files/topapp/哔哩哔哩动画.html','2016-01-09 09:26:56','2016-01-09 09:30:25'),(419,'导航犬',15,'Android 4.9.1','北京腾瑞万里科技有限公司',77,0,'files/pcap/导航犬_1509011.pcap','files/log/导航犬_idf.log','files/flow/导航犬.xls','files/topapp/导航犬.html','2015-10-19 07:55:31','2015-10-19 07:58:33'),(420,'多米音乐',2,'v0.3.6，V5.1.8.0，v5.5.1.00，Android 6.1.5.01 ','多米音乐控股有限公司',98,0,'files/pcap/多米音乐_1512111.pcap','files/log/多米音乐_idf.log','files/flow/多米音乐.xls','files/topapp/多米音乐.html','2015-12-11 09:05:26','2015-12-11 09:08:53'),(421,'pipi',2,'皮皮影音，2.12.0.0，3.3.5，3.3.7.3178，Android 2.2.0','皮皮网',94,0,'files/pcap/皮皮.pcap','files/log/pipi_idf.log','files/flow/pipi.xls','files/topapp/pipi.html','2015-10-22 07:17:54','2015-10-22 07:21:44'),(422,'农业银行',9,'www.95599.cn，安卓版2.0.0，农行掌上银行Android 2.0.2','中国农业银行',95,0,'files/pcap/农业银行.pcap','files/log/农业银行_idf.log','files/flow/农业银行.xls','files/topapp/农业银行.html','2016-01-19 08:34:54','2016-01-19 08:38:01'),(423,'喜马拉雅',2,'安卓版2.0.33.3，2.0.99.3','上海证大喜马拉雅网络科技有限公司',98,0,'files/pcap/喜马拉雅.pcap','files/log/喜马拉雅_idf.log','files/flow/喜马拉雅.xls','files/topapp/喜马拉雅.html','2016-01-27 07:01:05','2016-01-27 07:05:00'),(424,'乐蜂网',16,'http://www.tuan.lefeng.com/，android版3.0.8','乐蜂网',95,0,'files/pcap/乐蜂网_1510221.pcap','files/log/乐蜂网_idf.log','files/flow/乐蜂网.xls','files/topapp/乐蜂网.html','2015-10-22 07:44:03','2015-10-22 07:47:34'),(425,'六间房',2,'六间房视频，http://6.cn/，Android  v 3.2.1','通用',96,0,'files/pcap/六间房_1510231.pcap','files/log/六间房_idf.log','files/flow/六间房.xls','files/topapp/六间房.html','2015-10-27 06:50:03','2015-10-27 06:53:12'),(426,'钱龙',9,'钱龙旗舰2009 v5.80 Build 0914，Android v3.14','上海乾隆高科技有限公司',0,0,'files/pcap/掌上钱龙_1510261.pcap','files/log/钱龙_idf.log','files/flow/钱龙.xls','files/topapp/钱龙.html','2015-10-27 06:46:13','2015-10-27 06:49:13'),(427,'sinavideo',2,'新浪视频，video.sina.com.cn，Android 2.1.3','新浪',85,3,'files/pcap/sinavideo_1510261.pcap','files/log/sinavideo_idf.log','files/flow/sinavideo.xls','files/topapp/sinavideo.html','2015-10-26 06:38:12','2015-10-26 06:42:01'),(428,'赶集生活',14,'安卓版5.2.0    ','赶集网',0,0,'files/pcap/tx789.pcap','files/log/赶集生活_idf.log','files/flow/赶集生活.xls','files/topapp/赶集生活.html','2015-10-29 01:35:40','2015-10-29 01:42:40'),(429,'窝窝团',16,'http://www.55tuan.com/，安卓版3.0.0','北京窝窝团信息技术有限公司',82,0,'files/pcap/窝窝团_1510271.pcap','files/log/窝窝团_idf.log','files/flow/窝窝团.xls','files/topapp/窝窝团.html','2015-10-27 06:54:08','2015-10-27 06:57:12'),(430,'塔读文学',17,'android版V2.36版','北京易天新动网络科技有限公司 天音通信 ',98,0,'files/pcap/塔读文学_1510281.pcap','files/log/塔读文学_idf.log','files/flow/塔读文学.xls','files/topapp/塔读文学.html','2015-10-28 02:48:36','2015-10-28 02:51:42'),(431,'呱呱视频',6,'呱呱视频，1.0.0，v6.2.1700，http://www.17guagua.com，Android 1.1.8.0','金华长风信息技术有限公司',98,0,'files/pcap/呱呱视频_1510281.pcap','files/log/呱呱视频_idf.log','files/flow/呱呱视频.xls','files/topapp/呱呱视频.html','2015-10-28 06:09:13','2015-10-28 06:12:26'),(432,'蘑菇街',16,'www.mogujie.com，Android 6.1.1','杭州卷瓜网络',95,0,'files/pcap/蘑菇街_160119_1.pcap','files/log/蘑菇街_idf.log','files/flow/蘑菇街.xls','files/topapp/蘑菇街.html','2016-01-19 07:49:33','2016-01-19 07:53:46'),(433,'海词词典',17,'Android V7.4.0','上海词海信息技术有限公司',97,0,'files/pcap/海词词典_1510291.pcap','files/log/海词词典_idf.log','files/flow/海词词典.xls','files/topapp/海词词典.html','2015-10-29 03:45:24','2015-10-29 03:50:30'),(434,'起点阅读',17,'Android 5.3.1','上海玄霆娱乐信息科技有限公司',96,0,'files/pcap/起点读书_1510291.pcap','files/log/起点阅读_idf.log','files/flow/起点阅读.xls','files/topapp/起点阅读.html','2015-10-29 07:36:34','2015-10-29 07:41:48'),(435,'100tv聚好看',2,'Android4.0.1','北京风网信息技术有限公司',24,0,'files/pcap/110tv聚好看_1510291.pcap','files/log/100tv聚好看_idf.log','files/flow/100tv聚好看.xls','files/topapp/100tv聚好看.html','2015-10-29 03:28:26','2015-10-29 03:33:12'),(436,'奇虎360',10,'奇虎360公司www.360.com，及其旗下应用','北京奇虎科技有限公司',79,0,'files/pcap/奇虎360_1510291.pcap','files/log/奇虎360_idf.log','files/flow/奇虎360.xls','files/topapp/奇虎360.html','2015-10-30 01:30:20','2015-10-30 01:35:18'),(437,'美妆心得',18,'Android 5.2.0','杭州贝宇网络科技有限公司',97,0,'files/pcap/美妆心得_1510301.pcap','files/log/美妆心得_idf.log','files/flow/美妆心得.xls','files/topapp/美妆心得.html','2015-10-30 03:44:00','2015-10-30 03:49:56'),(438,'4G阅读',17,'Android 1.7.6','盛大文学',81,0,'files/pcap/4G阅读_1510301.pcap','files/log/4G阅读_idf.log','files/flow/4G阅读.xls','files/topapp/4G阅读.html','2015-10-30 03:37:11','2015-10-30 03:42:17'),(439,'明星衣橱',16,'安卓版5.2.3','北京万象新天科技有限公司',98,0,'files/pcap/明星衣橱_1510301.pcap','files/log/明星衣橱_idf.log','files/flow/明星衣橱.xls','files/topapp/明星衣橱.html','2015-10-30 08:37:56','2015-10-30 08:42:04'),(440,'酷音铃声',2,'Android 5.4.01','科大讯飞股份有限公司',99,0,'files/pcap/酷音铃声_1511021.pcap','files/log/酷音铃声_idf.log','files/flow/酷音铃声.xls','files/topapp/酷音铃声.html','2015-11-02 08:10:57','2015-11-02 08:14:28'),(441,'阿里旅行',15,'Android V5.0.0','淘宝中国软件有限公司',0,0,'files/pcap/阿里旅行160301_1.pcap','files/log/阿里旅行_idf.log','files/flow/阿里旅行.xls','files/topapp/阿里旅行.html','2016-03-01 03:34:31','2016-03-01 03:39:10'),(442,'大姨吗',14,'Android 5.61','友乐活（北京）网络科技有限公司',97,0,'files/pcap/大姨吗.pcap','files/log/大姨吗_idf.log','files/flow/大姨吗.xls','files/topapp/大姨吗.html','2016-02-22 08:26:01','2016-02-22 08:30:32'),(443,'彩虹公交',15,'Android 6.4.7','北京彩虹天地科技有限公司',38,0,'files/pcap/彩虹公交_1511031.pcap','files/log/彩虹公交_idf.log','files/flow/彩虹公交.xls','files/topapp/彩虹公交.html','2015-11-03 07:53:07','2015-11-03 07:56:12'),(444,'和阅读',17,'安卓版 3.1.0','中国移动手机阅读基地',99,0,'files/pcap/咪咕阅读_1511031.pcap','files/log/和阅读_idf.log','files/flow/和阅读.xls','files/topapp/和阅读.html','2015-11-03 03:32:09','2015-11-03 03:35:29'),(445,'美丽衣橱',16,'Android 2.1.2','珠海优课科技有限公司',99,0,'files/pcap/美丽衣橱_1511031.pcap','files/log/美丽衣橱_idf.log','files/flow/美丽衣橱.xls','files/topapp/美丽衣橱.html','2015-11-03 08:05:04','2015-11-03 08:09:57'),(446,'天翼阅读',17,'安卓版 4.1.0，Android 4.3.1','天翼阅读文化传播有限公司',95,0,'files/pcap/天翼阅读_1511031.pcap','files/log/天翼阅读_idf.log','files/flow/天翼阅读.xls','files/topapp/天翼阅读.html','2015-11-03 08:12:58','2015-11-03 08:16:21'),(447,'宜搜小说',17,'Android 1.81','深圳市宜搜科技发展公司',92,0,'files/pcap/宜搜小说_160229_1.pcap','files/log/宜搜小说_idf.log','files/flow/宜搜小说.xls','files/topapp/宜搜小说.html','2016-02-29 07:30:53','2016-02-29 07:34:09'),(448,'WiFi万能钥匙',10,'Android 3.0.97','上海连尚网络科技有限公司',92,0,'files/pcap/WiFi万能钥匙.pcap','files/log/WiFi万能钥匙_idf.log','files/flow/WiFi万能钥匙.xls','files/topapp/WiFi万能钥匙.html','2016-01-25 05:40:06','2016-01-25 05:43:23'),(449,'瘦瘦',14,'Android 3.1.2','东软熙康健康科技有限公司',85,0,'files/pcap/瘦瘦_1511041.pcap','files/log/瘦瘦_idf.log','files/flow/瘦瘦.xls','files/topapp/瘦瘦.html','2015-11-04 05:51:21','2015-11-04 05:54:38'),(450,'最美发型',14,'Android 3.1','苏州原璞信息技术有限公司',1,0,'files/pcap/最美发型_1511041.pcap','files/log/最美发型_idf.log','files/flow/最美发型.xls','files/topapp/最美发型.html','2015-11-04 08:40:19','2015-11-04 08:44:00'),(451,'我查查',16,'Android 7.0.1','我查查信息技术（上海）有限公司',99,0,'files/pcap/我查查_1511041.pcap','files/log/我查查_idf.log','files/flow/我查查.xls','files/topapp/我查查.html','2015-11-04 02:30:21','2015-11-04 02:34:48'),(452,'乐服务',10,'安卓版 2.8.4','联想乐商店',93,0,'files/pcap/乐服务_1511051.pcap','files/log/乐服务_idf.log','files/flow/乐服务.xls','files/topapp/乐服务.html','2015-11-05 07:20:32','2015-11-05 07:23:38'),(453,'快读',17,'Android 4.0.1','北京小步科技有限公司',78,0,'files/pcap/快读_1511051.pcap','files/log/快读_idf.log','files/flow/快读.xls','files/topapp/快读.html','2015-11-05 02:29:38','2015-11-05 02:32:48'),(454,'VOA每日英语',17,'安卓版 4.71','烟雨江南软件工作室',40,0,'files/pcap/VOA每日英语_1511051.pcap','files/log/VOA每日英语_idf.log','files/flow/VOA每日英语.xls','files/topapp/VOA每日英语.html','2015-11-05 06:05:58','2015-11-05 06:09:09'),(455,'南网',1,'','',0,0,'files/pcap/nanwang.pcap','files/log/南网_idf.log','files/flow/南网.xls','files/topapp/南网.html','2015-11-20 03:37:34','2015-11-20 03:41:12'),(456,'字符串匹配',3,'','',0,0,'files/pcap/输匹配字符串.pcap','files/log/字符串匹配_idf.log','files/flow/字符串匹配.xls','files/topapp/字符串匹配.html','2015-11-05 08:17:57','2015-11-05 08:21:01'),(457,'竞彩篮球',9,'Android 2.9','上海盛彩信息技术有限公司',10,0,'files/pcap/竞彩篮球_1511061.pcap','files/log/竞彩篮球_idf.log','files/flow/竞彩篮球.xls','files/topapp/竞彩篮球.html','2015-11-06 02:45:14','2015-11-06 02:48:17'),(458,'百思不得姐',18,'Android 4.0.7','精灵在线网络技术（北京）有限公司',0,0,'files/pcap/百思不得姐__1.pcap','files/log/百思不得姐_idf.log','files/flow/百思不得姐.xls','files/topapp/百思不得姐.html','2015-11-09 01:53:54','2015-11-09 02:04:11'),(459,'go桌面',10,'Android 5.21.1','3G门户',99,0,'files/pcap/go桌面_1511061.pcap','files/log/go桌面_idf.log','files/flow/go桌面.xls','files/topapp/go桌面.html','2015-11-06 02:24:42','2015-11-06 02:35:35'),(460,'金太阳',9,'Android 3.6.9.0.0.4','国信证券股份有限公司',96,0,'files/pcap/金太阳_1511091.pcap','files/log/金太阳_idf.log','files/flow/金太阳.xls','files/topapp/金太阳.html','2015-11-09 06:43:45','2015-11-09 06:46:48'),(461,'天天基金网',9,'Android 3.8.5','上海天天基金销售有限公司',68,0,'files/pcap/天天基金_1511091.pcap','files/log/天天基金网_idf.log','files/flow/天天基金网.xls','files/topapp/天天基金网.html','2015-11-09 06:51:05','2015-11-09 06:54:21'),(462,'酷管家',10,'Android 16.1','宇龙计算机通信科技（深圳）有限公司',2,0,'files/pcap/酷管家_1511091.pcap','files/log/酷管家_idf.log','files/flow/酷管家.xls','files/topapp/酷管家.html','2015-11-09 03:11:30','2015-11-09 03:14:37'),(463,'无秘',18,'Android 2.4.2','深圳无觅科技有限公司',80,0,'files/pcap/无秘_1511101.pcap','files/log/无秘_idf.log','files/flow/无秘.xls','files/topapp/无秘.html','2015-11-10 02:17:44','2015-11-10 02:20:51'),(464,'易车',16,'Android V4.9.1','北京易车互动广告有限公司',88,0,'files/pcap/易车_1511101.pcap','files/log/易车_idf.log','files/flow/易车.xls','files/topapp/易车.html','2015-11-10 09:27:24','2015-11-10 09:31:14'),(465,'酷秀',10,'Android 4.2.1.0','宇龙计算机通信科技（深圳）有限公司',99,0,'files/pcap/酷秀_1511101.pcap','files/log/酷秀_idf.log','files/flow/酷秀.xls','files/topapp/酷秀.html','2015-11-10 06:20:29','2015-11-10 06:24:14'),(466,'酷讯机票',15,'Android 5.2.1','TripAdvisor旗下酷讯旅游',92,0,'files/pcap/酷讯机票_1511111.pcap','files/log/酷讯机票_idf.log','files/flow/酷讯机票.xls','files/topapp/酷讯机票.html','2015-11-11 03:21:05','2015-11-11 03:24:13'),(467,'模拟炒股',9,'安卓版5.6.6，Android 5.6.8','北京金汇盛世移动科技有限公司',28,0,'files/pcap/模拟炒股_1511111_nRvyb9q.pcap','files/log/模拟炒股_idf.log','files/flow/模拟炒股.xls','files/topapp/模拟炒股.html','2015-11-11 06:45:00','2015-11-11 06:48:12'),(468,'红袖添香',17,'Android 4.58','北京红袖添香科技发展有限公司',98,0,'files/pcap/红袖添香_1511111.pcap','files/log/红袖添香_idf.log','files/flow/红袖添香.xls','files/topapp/红袖添香.html','2015-11-11 02:56:18','2015-11-11 02:59:27'),(469,'QQ安全中心',10,'安卓版2.6.1','腾讯',92,0,'files/pcap/qq_安全中心_160122_1.pcap','files/log/QQ安全中心_idf.log','files/flow/QQ安全中心.xls','files/topapp/QQ安全中心.html','2016-01-22 06:30:33','2016-01-22 06:33:42'),(470,'途牛旅游',15,'Android 4.6.0','北京途牛国际旅行社有限公司',98,0,'files/pcap/途牛_1512101.pcap','files/log/途牛旅游_idf.log','files/flow/途牛旅游.xls','files/topapp/途牛旅游.html','2015-12-10 03:02:14','2015-12-10 03:06:04'),(471,'小说阅读网',17,'Android 3.43.0','北京网文欣阅科技有限公司',87,0,'files/pcap/小说阅读网_1511121.pcap','files/log/小说阅读网_idf.log','files/flow/小说阅读网.xls','files/topapp/小说阅读网.html','2015-11-12 03:10:04','2015-11-12 03:13:10'),(472,'果库',16,'Android V3.0','北京友创亲诚网络科技有限公司',99,0,'files/pcap/果库_1511121.pcap','files/log/果库_idf.log','files/flow/果库.xls','files/topapp/果库.html','2015-11-12 02:41:28','2015-11-12 02:46:46'),(473,'非常新闻',11,'Android V1.2.0','深圳市宜搜科技发展公司',1,0,'files/pcap/非常新闻_1511121.pcap','files/log/非常新闻_idf.log','files/flow/非常新闻.xls','files/topapp/非常新闻.html','2015-11-12 03:58:54','2015-11-12 04:02:28'),(474,'360桌面',10,'Android 6.0.1','北京奇虎科技有限公司',99,0,'files/pcap/360桌面_1511131.pcap','files/log/360桌面_idf.log','files/flow/360桌面.xls','files/topapp/360桌面.html','2015-11-13 06:23:22','2015-11-13 06:26:32'),(475,'快手',12,'Android 4.07','北京一笑科技发展有限公司',97,0,'files/pcap/快手_1601091.pcap','files/log/快手_idf.log','files/flow/快手.xls','files/topapp/快手.html','2016-01-11 01:24:50','2016-01-11 01:29:17'),(476,'蜜淘',16,'Android 4.1.3','北京背篓科技有限公司',95,0,'files/pcap/蜜淘_1511131.pcap','files/log/蜜淘_idf.log','files/flow/蜜淘.xls','files/topapp/蜜淘.html','2015-11-13 03:16:00','2015-11-13 03:22:37'),(477,'无觅阅读',17,'Android 3.3','深圳无觅科技有限公司',83,0,'files/pcap/无觅阅读_1511131.pcap','files/log/无觅阅读_idf.log','files/flow/无觅阅读.xls','files/topapp/无觅阅读.html','2015-11-13 03:09:18','2015-11-13 03:12:27'),(478,'豆果美食',14,'安卓版5.1.4.2','北京豆果信息技术有限公司',99,0,'files/pcap/豆果美食_1511161.pcap','files/log/豆果美食_idf.log','files/flow/豆果美食.xls','files/topapp/豆果美食.html','2015-11-16 02:59:59','2015-11-16 03:03:33'),(479,'悄悄',18,'Android 2.3','铁血网',0,0,'files/pcap/悄悄_1511161.pcap','files/log/悄悄_idf.log','files/flow/悄悄.xls','files/topapp/悄悄.html','2015-11-16 02:42:50','2015-11-16 02:45:50'),(480,'美丽搭配',14,'Android V2.1.0','美丽街网络科技有限公司',0,0,'files/pcap/美丽搭配_1511161.pcap','files/log/美丽搭配_idf.log','files/flow/美丽搭配.xls','files/topapp/美丽搭配.html','2015-11-16 02:35:30','2015-11-16 02:38:31'),(481,'酷我听书',2,'Android 3.0.0.1','北京酷我科技有限公司',99,0,'files/pcap/酷我听书_1511161.pcap','files/log/酷我听书_idf.log','files/flow/酷我听书.xls','files/topapp/酷我听书.html','2015-11-16 02:23:15','2015-11-16 02:27:51'),(482,'返利网',16,'Android 3.4.0.30','上海中彦信息科技有限公司',86,0,'files/pcap/返利网_1511161.pcap','files/log/返利网_idf.log','files/flow/返利网.xls','files/topapp/返利网.html','2015-11-16 03:42:27','2015-11-16 03:45:38'),(483,'QQ游戏',5,'QQ游戏，3.1.107.51，QQgame（PC版）3.3版，Android 6.3','腾讯公司',20,0,'files/pcap/qq游戏_1511171.pcap','files/log/QQ游戏_idf.log','files/flow/QQ游戏.xls','files/topapp/QQ游戏.html','2015-11-17 02:59:25','2015-11-17 03:02:58'),(484,'豆瓣',18,'www.douban.com','北京豆网科技有限公司',93,0,'files/pcap/豆瓣_1511161.pcap','files/log/豆瓣_idf.log','files/flow/豆瓣.xls','files/topapp/豆瓣.html','2015-11-17 02:51:55','2015-11-17 02:55:34'),(485,'团800',16,'专业的团购导航软件android版6.1.1','团博百众(北京)科技有限公司',36,0,'files/pcap/团800_160219_1.pcap','files/log/团800_idf.log','files/flow/团800.xls','files/topapp/团800.html','2016-02-19 02:53:52','2016-02-19 02:56:59'),(486,'UC浏览器',20,'安卓版9.9.3，Android V9.9.6.495','优视科技有限公司',83,0,'files/pcap/uc_浏览器_160112_2.pcap','files/log/UC浏览器_idf.log','files/flow/UC浏览器.xls','files/topapp/UC浏览器.html','2016-01-12 07:31:59','2016-01-12 07:35:02'),(487,'掌上生活',9,'安卓版4.0.2，Android 4.2.0','招商银行信用卡中心',99,0,'files/pcap/掌上生活_160122_1.pcap','files/log/掌上生活_idf.log','files/flow/掌上生活.xls','files/topapp/掌上生活.html','2016-01-22 03:20:26','2016-01-22 03:23:50'),(488,'赖子游戏',5,'赖子游戏，v2.11.15.0，Android 1.0','武汉拇指通科技 ',22,0,'files/pcap/赖子游戏_1511181.pcap','files/log/赖子游戏_idf.log','files/flow/赖子游戏.xls','files/topapp/赖子游戏.html','2015-11-18 02:57:03','2015-11-18 03:00:10'),(489,'植物大战僵尸2 ',5,'Android 1.2.3','宝开游戏公司',0,0,'files/pcap/植物大战僵死2_1511181.pcap','files/log/植物大战僵尸2 _idf.log','files/flow/植物大战僵尸2 .xls','files/topapp/植物大战僵尸2 .html','2015-11-18 08:08:34','2015-11-18 08:11:36'),(490,'拉勾网',22,'http://www.lagou.com/','北京拉勾网络技术有限公司',95,0,'files/pcap/拉勾网_1511201.pcap','files/log/拉勾网_idf.log','files/flow/拉勾网.xls','files/topapp/拉勾网.html','2015-11-20 08:12:27','2015-11-20 08:15:41'),(491,'猎聘网',22,'http://www.liepin.com/','万仕道（北京）管理咨询有限公司',85,0,'files/pcap/猎聘网_1511201.pcap','files/log/猎聘网_idf.log','files/flow/猎聘网.xls','files/topapp/猎聘网.html','2015-11-20 08:06:07','2015-11-20 08:09:41'),(492,'手机电视',2,'Android 4.3.2','北京闪动科技有限公司',38,0,'files/pcap/手机电视_1511201.pcap','files/log/手机电视_idf.log','files/flow/手机电视.xls','files/topapp/手机电视.html','2015-11-20 07:58:56','2015-11-20 08:02:47'),(493,'彩猫彩票',9,'安卓版2.3.1','上海水皮网络科技有限公司',95,0,'files/pcap/彩猫彩票_1511201.pcap','files/log/彩猫彩票_idf.log','files/flow/彩猫彩票.xls','files/topapp/彩猫彩票.html','2015-11-20 07:50:58','2015-11-20 07:54:10'),(494,'百姓网',11,'安卓版5.9.1','上海客齐集信息技术有限公司',74,0,'files/pcap/百姓网_1511231.pcap','files/log/百姓网_idf.log','files/flow/百姓网.xls','files/topapp/百姓网.html','2015-11-23 08:26:06','2015-11-23 08:29:18'),(495,'薄荷减肥',14,'Android 3.2','上海薄荷信息科技有限公司',90,0,'files/pcap/薄荷_1511231.pcap','files/log/薄荷减肥_idf.log','files/flow/薄荷减肥.xls','files/topapp/薄荷减肥.html','2015-11-23 02:50:15','2015-11-23 02:53:59'),(496,'爱阅读',17,'安卓版5.8.8.34，Android 5.8.9.22','爱阅读（北京）科技有限公司',98,0,'files/pcap/爱阅读_1511231.pcap','files/log/爱阅读_idf.log','files/flow/爱阅读.xls','files/topapp/爱阅读.html','2015-11-23 09:45:10','2015-11-23 09:48:29'),(497,'纵横中文网',17,'http://www.zongheng.com/','北京完美时空旗下',99,0,'files/pcap/纵横小说_1511231.pcap','files/log/纵横中文网_idf.log','files/flow/纵横中文网.xls','files/topapp/纵横中文网.html','2015-11-23 08:01:21','2015-11-23 08:04:37'),(498,'消灭星星2粉碎糖果',5,'Android V5.0','嘉丰永道（北京）科技有限公司旗下PFUmobile',7,0,'files/pcap/消灭星星2_1511231.pcap','files/log/消灭星星2粉碎糖果_idf.log','files/flow/消灭星星2粉碎糖果.xls','files/topapp/消灭星星2粉碎糖果.html','2015-11-23 08:32:05','2015-11-23 08:35:06'),(499,'化妆宝典',14,'Android 5.6.0','佰邦达科技（北京）有限公司',99,0,'files/pcap/化妆宝典_1511241.pcap','files/log/化妆宝典_idf.log','files/flow/化妆宝典.xls','files/topapp/化妆宝典.html','2015-11-24 06:41:25','2015-11-24 06:45:18'),(500,'69美女直播',2,'安卓版 1.3.8','玖秀互动（北京）文化传媒有限公司',94,0,'files/pcap/69美女直播_1511241.pcap','files/log/69美女直播_idf.log','files/flow/69美女直播.xls','files/topapp/69美女直播.html','2015-11-24 02:51:56','2015-11-24 02:55:42'),(501,'中华英才网',22,'http://www.chinahr.com/','英才华网网络技术(北京)有限公司',71,0,'files/pcap/中华英才网_1511241.pcap','files/log/中华英才网_idf.log','files/flow/中华英才网.xls','files/topapp/中华英才网.html','2015-11-24 06:34:53','2015-11-24 06:38:01'),(502,'网上厨房',14,'Android 10.6.5','杭州魔厨科技有限公司',98,0,'files/pcap/网上厨房_1511241.pcap','files/log/网上厨房_idf.log','files/flow/网上厨房.xls','files/topapp/网上厨房.html','2015-11-24 06:26:33','2015-11-24 06:30:20'),(503,'潇湘书院',17,'Android 2.22','潇湘书院（天津）文化发展公司',99,0,'files/pcap/潇湘书院_1511241.pcap','files/log/潇湘书院_idf.log','files/flow/潇湘书院.xls','files/topapp/潇湘书院.html','2015-11-24 06:20:42','2015-11-24 06:23:56'),(504,'简单网',16,'http://www.j.cn/，每日新款Android V2.4.0','浪淘金（北京）科技有限责任公司',92,0,'files/pcap/每日新款_1511251.pcap','files/log/简单网_idf.log','files/flow/简单网.xls','files/topapp/简单网.html','2015-11-25 03:29:09','2015-11-25 03:32:55'),(505,'淘宝彩票',9,'安卓版3.1.2，Android 4.0.1','淘宝（中国）软件有限公司',21,0,'files/pcap/淘宝彩票_1511251.pcap','files/log/淘宝彩票_idf.log','files/flow/淘宝彩票.xls','files/topapp/淘宝彩票.html','2015-11-25 06:56:22','2015-11-25 06:59:36'),(506,'fetion',6,'飞信4.7.6810.0，5.5.3800，Android V5.4.2，Android v5.5.0','中国移动通信',55,0,'files/pcap/飞信_1511261.pcap','files/log/fetion_idf.log','files/flow/fetion.xls','files/topapp/fetion.html','2015-11-27 01:21:13','2015-11-27 01:24:28'),(507,'边锋',5,'边锋游戏2012，Android 1.1.11','杭州边锋网络技术有限公司',69,0,'files/pcap/边锋_1511271.pcap','files/log/边锋_idf.log','files/flow/边锋.xls','files/topapp/边锋.html','2015-11-27 08:03:31','2015-11-27 08:06:36'),(508,'都秀视频（E话通）',6,'都秀视频，4.8.220.0，4.9，Android 1.4.3','北京都秀网络科技有限公司',5,0,'files/pcap/都秀视频_1511271.pcap','files/log/都秀视频（E话通）_idf.log','files/flow/都秀视频（E话通）.xls','files/topapp/都秀视频（E话通）.html','2015-12-14 08:35:16','2015-12-14 08:38:55'),(509,'我乐',2,'我乐网http://www.56.com/，56视频PAD版1.1.4，56视频 Iphone版V4.0.7，Android 4.1.3','广州市千钧网络科技有限公司（56网）',86,0,'files/pcap/我乐_1511271.pcap','files/log/我乐_idf.log','files/flow/我乐.xls','files/topapp/我乐.html','2015-11-27 07:49:54','2015-11-27 07:53:13'),(510,'腾讯地图',15,'安卓版4.5.1，Android v4.8.1.265','深圳市腾讯计算机系统有限公司',79,0,'files/pcap/腾讯地图.pcap','files/log/腾讯地图_idf.log','files/flow/腾讯地图.xls','files/topapp/腾讯地图.html','2016-01-18 09:38:07','2016-01-18 09:41:17'),(511,'荔枝FM',2,'Android v1.5.2','广州市一把伞网络科技有限公司',3,0,'files/pcap/荔枝FM_1511301.pcap','files/log/荔枝FM_idf.log','files/flow/荔枝FM.xls','files/topapp/荔枝FM.html','2015-12-11 09:11:14','2015-12-11 09:15:54'),(512,'微店',16,'IOS 4.0.2，Android v4.2.0','chunfen.com lnc',91,0,'files/pcap/微店_1512011.pcap','files/log/微店_idf.log','files/flow/微店.xls','files/topapp/微店.html','2015-12-01 08:25:58','2015-12-01 08:29:14'),(513,'天龙八部',5,'天龙八部，v2.60.0808，3.53.1703，Android 1.98.0.0','北京畅游时代数码技术有限公司',65,0,'files/pcap/天龙八部_1512011.pcap','files/log/天龙八部_idf.log','files/flow/天龙八部.xls','files/topapp/天龙八部.html','2015-12-15 05:55:06','2015-12-15 05:58:13'),(515,'折800',16,'专业的团购导航软件android版3.0.2','团800',9,0,'files/pcap/折800_160219_1.pcap','files/log/折800_idf.log','files/flow/折800.xls','files/topapp/折800.html','2016-02-19 02:48:40','2016-02-19 02:51:58'),(516,'酷听听书',2,'Android V3.2.1','酷听旗下',99,0,'files/pcap/酷听听书_1512151.pcap','files/log/酷听听书_idf.log','files/flow/酷听听书.xls','files/topapp/酷听听书.html','2015-12-15 03:43:08','2015-12-15 03:49:10'),(517,'好豆菜谱',14,'Android 4.3.0','湖南红图网络科技有限公司',98,0,'files/pcap/好豆菜谱_1512151.pcap','files/log/好豆菜谱_idf.log','files/flow/好豆菜谱.xls','files/topapp/好豆菜谱.html','2015-12-15 09:13:38','2015-12-15 09:16:59'),(518,'穿衣助手',14,'Android 6.4.1','上海优梦信息科技有限公司',99,0,'files/pcap/穿衣助手_1512151.pcap','files/log/穿衣助手_idf.log','files/flow/穿衣助手.xls','files/topapp/穿衣助手.html','2015-12-15 08:25:07','2015-12-15 08:28:57'),(519,'掌阅听书',2,'Android 2.3.0','北京掌中浩阅科技有限公司',99,0,'files/pcap/掌阅听书_1512161.pcap','files/log/掌阅听书_idf.log','files/flow/掌阅听书.xls','files/topapp/掌阅听书.html','2015-12-16 06:27:16','2015-12-16 06:30:58'),(520,'美咖相机',12,'Android V2.8.8','杭州容彩科技有限公司',98,0,'files/pcap/美咖相机_1512161.pcap','files/log/美咖相机_idf.log','files/flow/美咖相机.xls','files/topapp/美咖相机.html','2015-12-16 06:44:18','2015-12-16 06:47:39'),(521,'美拍',12,'Android V 1.2.0','美图秀秀',95,0,'files/pcap/美拍_160127_1.pcap','files/log/美拍_idf.log','files/flow/美拍.xls','files/topapp/美拍.html','2016-01-27 05:50:37','2016-01-27 05:54:32'),(522,'贝贝特卖',16,'Android 2.1.1','杭州互秀电子商务有限公司',98,0,'files/pcap/贝贝特卖_1512161.pcap','files/log/贝贝特卖_idf.log','files/flow/贝贝特卖.xls','files/topapp/贝贝特卖.html','2015-12-16 03:34:50','2015-12-16 03:38:36'),(523,'宝贝去哪儿',5,'Android 3.4.1','遥指科技 ',99,0,'files/pcap/宝贝去哪儿_1512171.pcap','files/log/宝贝去哪儿_idf.log','files/flow/宝贝去哪儿.xls','files/topapp/宝贝去哪儿.html','2015-12-17 06:24:02','2015-12-17 06:29:04'),(524,'手机营业厅',14,'Android 2.4.0','中国移动',96,0,'files/pcap/中国移动_1512171.pcap','files/log/手机营业厅_idf.log','files/flow/手机营业厅.xls','files/topapp/手机营业厅.html','2015-12-17 07:31:15','2015-12-17 07:34:26'),(525,'下厨房HD',14,'IOS 1.1.1，Android 3.4.7','ruidi interactive technology(beijing) co.ltd',98,0,'files/pcap/下厨房_1512171.pcap','files/log/下厨房HD_idf.log','files/flow/下厨房HD.xls','files/topapp/下厨房HD.html','2015-12-17 06:52:06','2015-12-17 06:55:49'),(526,'智行火车票',14,'Android 2.7.0','广州蒜芽信息科技有限公司',16,0,'files/pcap/智行火车票_1512181.pcap','files/log/智行火车票_idf.log','files/flow/智行火车票.xls','files/topapp/智行火车票.html','2015-12-18 08:48:26','2015-12-18 08:51:31'),(527,'借贷宝',9,'Android 1.8.0','人人行科技有限公司',94,0,'files/pcap/借贷宝_1512211.pcap','files/log/借贷宝_idf.log','files/flow/借贷宝.xls','files/topapp/借贷宝.html','2015-12-21 06:28:51','2015-12-21 06:31:58'),(528,'闲鱼',16,'Android 3.1.9','淘宝中国软件有限公司',25,0,'files/pcap/闲鱼_1512211.pcap','files/log/闲鱼_idf.log','files/flow/闲鱼.xls','files/topapp/闲鱼.html','2015-12-21 06:19:39','2015-12-21 06:23:02'),(529,'豌豆荚',10,'Android 5.9.1','北京卓易讯畅科技有限公司',98,0,'files/pcap/豌豆荚_1512221.pcap','files/log/豌豆荚_idf.log','files/flow/豌豆荚.xls','files/topapp/豌豆荚.html','2015-12-24 09:31:50','2015-12-24 09:36:41'),(530,'中华万年历',14,'Android 6.2.1','随身云（南京）信息技术有限公司',60,0,'files/pcap/中华万年历_1512221.pcap','files/log/中华万年历_idf.log','files/flow/中华万年历.xls','files/topapp/中华万年历.html','2015-12-24 09:22:24','2015-12-24 09:25:34'),(531,'酷派应用商店',10,'Android 4.1.1.1203','宇龙计算机通信科技（深圳）有限公司',17,0,'files/pcap/酷派应用商店_1512221.pcap','files/log/酷派应用商店_idf.log','files/flow/酷派应用商店.xls','files/topapp/酷派应用商店.html','2015-12-22 08:49:18','2015-12-22 08:52:23'),(532,'魔秀桌面',10,'Android 5.2.9','魔秀科技（北京）有限公司',93,0,'files/pcap/魔秀桌面_1512231.pcap','files/log/魔秀桌面_idf.log','files/flow/魔秀桌面.xls','files/topapp/魔秀桌面.html','2015-12-24 09:16:01','2015-12-24 09:19:07'),(533,'安卓市场',10,'Android 6.7.0.81','福建博瑞网络科技有限公司',5,0,'files/pcap/安卓市场_1512231.pcap','files/log/安卓市场_idf.log','files/flow/安卓市场.xls','files/topapp/安卓市场.html','2015-12-23 08:59:01','2015-12-23 09:05:17'),(534,'天翼空间',10,'Android 5.1.0.0','中国电信股份有限公司',99,0,'files/pcap/天翼空间_1512231.pcap','files/log/天翼空间_idf.log','files/flow/天翼空间.xls','files/topapp/天翼空间.html','2015-12-24 09:08:20','2015-12-24 09:12:17'),(535,'黄历天气',14,'Android 3.14.0.1','福建博瑞网络科技有限公司',86,0,'files/pcap/黄历天气_1512231.pcap','files/log/黄历天气_idf.log','files/flow/黄历天气.xls','files/topapp/黄历天气.html','2015-12-24 09:01:09','2015-12-24 09:04:23'),(536,'内涵段子',18,'Android 4.6.0','北京字节跳动网络技术有限公司',95,0,'files/pcap/内涵段子_1512251.pcap','files/log/内涵段子_idf.log','files/flow/内涵段子.xls','files/topapp/内涵段子.html','2015-12-25 09:30:40','2015-12-25 09:34:34'),(537,'全国违章查询',14,'Android 6.2.2','北京木仓科技有限公司',43,0,'files/pcap/全国违章查询_1512251.pcap','files/log/全国违章查询_idf.log','files/flow/全国违章查询.xls','files/topapp/全国违章查询.html','2015-12-25 09:21:36','2015-12-25 09:24:50'),(538,'Flipboard',11,'Android 3.3.16','北京指尖翻动科技有限公司',85,0,'files/pcap/flipboard_1512251.pcap','files/log/Flipboard_idf.log','files/flow/Flipboard.xls','files/topapp/Flipboard.html','2015-12-25 09:15:08','2015-12-25 09:20:01'),(539,'电信营业厅',14,'Android 5.4.0','中国电信股份有限公司',96,0,'files/pcap/电信营业厅_1512251.pcap','files/log/电信营业厅_idf.log','files/flow/电信营业厅.xls','files/topapp/电信营业厅.html','2015-12-25 09:26:24','2015-12-25 09:29:29'),(540,'欧朋浏览器',20,'Android 11.1.0.99116','北界创想（北京）软件有限公司',97,0,'files/pcap/欧朋浏览器_1512281.pcap','files/log/欧朋浏览器_idf.log','files/flow/欧朋浏览器.xls','files/topapp/欧朋浏览器.html','2015-12-29 02:19:05','2015-12-29 02:22:09'),(541,'TripAdvisor',15,'Android 12.0','途趣网信息技术（北京）有限公司',99,0,'files/pcap/tripadvisor_1512281.pcap','files/log/TripAdvisor_idf.log','files/flow/TripAdvisor.xls','files/topapp/TripAdvisor.html','2015-12-29 02:09:50','2015-12-29 02:13:10'),(542,'中国天气通',14,'Android 5.1.3','中国气象局',82,0,'files/pcap/中国天气通_1512281.pcap','files/log/中国天气通_idf.log','files/flow/中国天气通.xls','files/topapp/中国天气通.html','2015-12-29 02:29:30','2015-12-29 02:33:00'),(543,'九游',5,'Android 4.4.2.4','广州爱九游信息技术有限公司',2,0,'files/pcap/九游_1512291.pcap','files/log/九游_idf.log','files/flow/九游.xls','files/topapp/九游.html','2015-12-30 03:33:02','2015-12-30 03:36:35'),(544,'联想日历',14,'Android 5.11.54.151217.7','联想（上海）有限公司',97,0,'files/pcap/联想日历_1512291.pcap','files/log/联想日历_idf.log','files/flow/联想日历.xls','files/topapp/联想日历.html','2015-12-30 03:21:08','2015-12-30 03:24:16'),(545,'小米桌面',10,'Android 3.8.0','北京小米移动软件有限公司',12,0,'files/pcap/小米桌面_1512291.pcap','files/log/小米桌面_idf.log','files/flow/小米桌面.xls','files/topapp/小米桌面.html','2015-12-30 02:35:17','2015-12-30 02:38:38'),(546,'啪啪音乐圈',2,'Android 5.2.2','北京龙必驰科技有限公司',89,0,'files/pcap/啪啪音乐圈_1512221.pcap','files/log/啪啪音乐圈_idf.log','files/flow/啪啪音乐圈.xls','files/topapp/啪啪音乐圈.html','2015-12-30 09:28:04','2015-12-30 09:31:24'),(547,'应用宝',10,'Android 6.1.0','深圳市腾讯计算机系统有限公司',72,0,'files/pcap/应用宝_1512221.pcap','files/log/应用宝_idf.log','files/flow/应用宝.xls','files/topapp/应用宝.html','2015-12-30 08:32:12','2015-12-30 08:35:32'),(548,'小米商城',16,'Android 4.1.0','北京小米移动软件有限公司',0,0,'files/pcap/小米商城_1512301.pcap','files/log/小米商城_idf.log','files/flow/小米商城.xls','files/topapp/小米商城.html','2015-12-30 08:24:27','2015-12-30 08:28:34'),(549,'绿茶浏览器',20,'Android 6.5.50.6','联想（北京）有限公司',0,0,'files/pcap/绿茶浏览器_1512301.pcap','files/log/绿茶浏览器_idf.log','files/flow/绿茶浏览器.xls','files/topapp/绿茶浏览器.html','2015-12-30 08:16:16','2015-12-30 08:19:22'),(550,'优信二手车',14,'Android 5.2.1','优信拍（北京）信息科技有限公司',82,0,'files/pcap/优信二手车_1601041.pcap','files/log/优信二手车_idf.log','files/flow/优信二手车.xls','files/topapp/优信二手车.html','2016-01-04 03:41:57','2016-01-04 03:45:24'),(551,'宝宝树孕育',14,'Android 6.5.2','北京众鸣世纪科技有限公司',90,0,'files/pcap/宝宝树孕育.pcap','files/log/宝宝树孕育_idf.log','files/flow/宝宝树孕育.xls','files/topapp/宝宝树孕育.html','2016-01-19 09:32:31','2016-01-19 09:36:06'),(552,'拼立得',12,'Android 3.8.7','北京云图微动科技有限公司',67,0,'files/pcap/拍立得_1601051.pcap','files/log/拼立得_idf.log','files/flow/拼立得.xls','files/topapp/拼立得.html','2016-01-05 05:51:56','2016-01-05 05:55:07'),(553,'柚子街',14,'Android 1.0.1','厦门美柚信息科技有限公司',94,0,'files/pcap/柚子街_1601051.pcap','files/log/柚子街_idf.log','files/flow/柚子街.xls','files/topapp/柚子街.html','2016-01-05 06:28:26','2016-01-05 06:31:42'),(554,'人人车',14,'Android 2.1.0','北京善义善美科技有限公司',78,0,'files/pcap/人人车_1601051.pcap','files/log/人人车_idf.log','files/flow/人人车.xls','files/topapp/人人车.html','2016-01-05 06:22:53','2016-01-05 06:26:00'),(555,'91桌面',10,'Android 7.0.2','福建博瑞网络科技有限公司',71,0,'files/pcap/91_桌面_1512221.pcap','files/log/91桌面_idf.log','files/flow/91桌面.xls','files/topapp/91桌面.html','2016-01-06 06:42:28','2016-01-06 06:46:03'),(556,'京东钱包',9,'Android 4.1.0','网银在线（北京）科技有限公司',79,0,'files/pcap/京东钱包_1601061.pcap','files/log/京东钱包_idf.log','files/flow/京东钱包.xls','files/topapp/京东钱包.html','2016-01-06 06:49:33','2016-01-06 06:53:26'),(557,'天天快报',11,'Android 1.6.0','腾讯科技（北京）有限公司',93,0,'files/pcap/天天快报_1601061.pcap','files/log/天天快报_idf.log','files/flow/天天快报.xls','files/topapp/天天快报.html','2016-01-06 06:58:33','2016-01-06 07:01:50'),(558,'寺库奢侈品',16,'Android 5.0.1','北京寺库商贸有限公司',99,0,'files/pcap/寺库奢侈品_1601061.pcap','files/log/寺库奢侈品_idf.log','files/flow/寺库奢侈品.xls','files/topapp/寺库奢侈品.html','2016-01-07 06:40:53','2016-01-07 06:44:56'),(559,'xy苹果手机助手',10,'IOS 4.1.4','上海恺英科技有限公司',99,0,'files/pcap/XY苹果助手2.pcap','files/log/xy苹果手机助手_idf.log','files/flow/xy苹果手机助手.xls','files/topapp/xy苹果手机助手.html','2016-01-12 09:35:14','2016-01-12 09:41:00'),(560,'掌上链家',14,'IOS 6.10.0','链家地产',59,0,'files/pcap/掌上链家_r0TFPny.pcap','files/log/掌上链家_idf.log','files/flow/掌上链家.xls','files/topapp/掌上链家.html','2016-02-19 06:20:30','2016-02-19 06:23:35'),(561,'爱屋吉屋',14,'IOS 3.3','满懿 (上海) 房地产咨询有限公司',94,0,'files/pcap/爱屋吉屋.pcap','files/log/爱屋吉屋_idf.log','files/flow/爱屋吉屋.xls','files/topapp/爱屋吉屋.html','2016-01-14 06:11:49','2016-01-14 06:14:57'),(562,'百度浏览器',20,'IOS 3.1','百度云计算技术（北京）有限公司',66,0,'files/pcap/百度浏览器.pcap','files/log/百度浏览器_idf.log','files/flow/百度浏览器.xls','files/topapp/百度浏览器.html','2016-01-21 08:52:36','2016-01-21 08:56:07'),(563,'猎豹浏览器',20,'IOS 3.3','猎豹移动公司',98,0,'files/pcap/猎豹浏览器.pcap','files/log/猎豹浏览器_idf.log','files/flow/猎豹浏览器.xls','files/topapp/猎豹浏览器.html','2016-01-21 09:11:50','2016-01-21 09:15:04'),(564,'115网盘',13,'115.com，5.2.7.15','广东雨林木风计算机科技有限公司',88,0,'files/pcap/115网盘.pcap','files/log/115网盘_idf.log','files/flow/115网盘.xls','files/topapp/115网盘.html','2016-01-25 09:28:47','2016-01-25 09:31:51'),(565,'微盘',13,'2','新浪',47,0,'files/pcap/微盘_160301_1.pcap','files/log/微盘_idf.log','files/flow/微盘.xls','files/topapp/微盘.html','2016-03-01 03:49:39','2016-03-01 03:53:28'),(566,'宜搜搜索',19,'IOS 1.5.5','深圳市宜搜科技发展公司',15,0,'files/pcap/宜搜搜索.pcap','files/log/宜搜搜索_idf.log','files/flow/宜搜搜索.xls','files/topapp/宜搜搜索.html','2016-02-29 07:07:20','2016-02-29 07:10:33'),(567,'爱思助手',10,'IOS 5.2.3','深圳市为爱普信息技术有限公司',0,0,'files/pcap/爱思助手.pcap','files/log/爱思助手_idf.log','files/flow/爱思助手.xls','files/topapp/爱思助手.html','2016-02-02 05:48:05','2016-02-02 05:52:21'),(568,'妈妈帮',14,'IOS 3.11.3','上海丫丫信息科技有限公司',95,0,'files/pcap/妈妈帮_160224_1.pcap','files/log/妈妈帮_idf.log','files/flow/妈妈帮.xls','files/topapp/妈妈帮.html','2016-02-24 06:23:18','2016-02-24 06:26:31'),(569,'妈妈圈',14,'IOS 5.5.0','广州盛成文化传播有限公司',0,0,'files/pcap/妈妈圈.pcap','files/log/妈妈圈_idf.log','files/flow/妈妈圈.xls','files/topapp/妈妈圈.html','2016-02-02 06:30:47','2016-02-02 06:34:23'),(570,'怀孕管家',14,'IOS 4.1.0','广州盛成文化传播有限公司',0,0,'files/pcap/怀孕管家.pcap','files/log/怀孕管家_idf.log','files/flow/怀孕管家.xls','files/topapp/怀孕管家.html','2016-02-02 03:25:36','2016-02-02 03:28:59'),(571,'遇见',18,'IOS 6.4.1','广州遇见网络科技有限公司',84,0,'files/pcap/遇见.pcap','files/log/遇见_idf.log','files/flow/遇见.xls','files/topapp/遇见.html','2016-02-18 01:37:36','2016-02-18 01:40:39'),(572,'作业帮',17,'IOS 5.5.4','百度云计算技术（北京）有限公司',80,0,'files/pcap/作业帮_160226_2.pcap','files/log/作业帮_idf.log','files/flow/作业帮.xls','files/topapp/作业帮.html','2016-02-26 07:25:54','2016-02-26 07:28:57'),(573,'百词斩',17,'IOS 5.1.5','成都超有爱科技有限公司',99,0,'files/pcap/百词斩.pcap','files/log/百词斩_idf.log','files/flow/百词斩.xls','files/topapp/百词斩.html','2016-02-18 06:46:04','2016-02-18 06:50:50'),(574,'美团外卖',14,'Android 4.2.5','北京三快科技有限公司',17,0,'files/pcap/美团外卖_160218_1.pcap','files/log/美团外卖_idf.log','files/flow/美团外卖.xls','files/topapp/美团外卖.html','2016-02-18 07:51:56','2016-02-18 07:55:01'),(575,'口碑外卖',14,'Android 4.1.0','淘宝中国软件有限公司',3,0,'files/pcap/口碑外卖_160218_1.pcap','files/log/口碑外卖_idf.log','files/flow/口碑外卖.xls','files/topapp/口碑外卖.html','2016-02-18 09:11:29','2016-02-18 09:14:38'),(576,'百度外卖',14,'Android 3.5.1','北京小度信息科技有限公司',90,0,'files/pcap/百度外卖_160218_1.pcap','files/log/百度外卖_idf.log','files/flow/百度外卖.xls','files/topapp/百度外卖.html','2016-02-18 07:37:02','2016-02-18 07:40:28'),(577,'必应',19,'http://cn.bing.com/，Android 4.3.1','微软',79,0,'files/pcap/必应_160218_1.pcap','files/log/必应_idf.log','files/flow/必应.xls','files/topapp/必应.html','2016-02-18 08:14:33','2016-02-18 08:18:04'),(578,'天天爱消除',5,'Android 1.0.30.0','腾讯',8,0,'files/pcap/天天爱消除_160219_2.pcap','files/log/天天爱消除_idf.log','files/flow/天天爱消除.xls','files/topapp/天天爱消除.html','2016-02-19 07:52:55','2016-02-19 07:55:58'),(579,'触宝输入法',17,'IOS 2.8.0','上海汉翔公司',99,0,'files/pcap/触宝输入法.pcap','files/log/触宝输入法_idf.log','files/flow/触宝输入法.xls','files/topapp/触宝输入法.html','2016-02-22 07:12:04','2016-02-22 07:15:51'),(580,'百度输入法',17,'IOS 6.5.0','百度',96,0,'files/pcap/百度输入法.pcap','files/log/百度输入法_idf.log','files/flow/百度输入法.xls','files/topapp/百度输入法.html','2016-02-22 07:19:39','2016-02-22 07:22:46'),(581,'华为应用市场',10,'Android 7.0.1.301','深圳华为技术有限公司',98,0,'files/pcap/华为应用市场_160222_1.pcap','files/log/华为应用市场_idf.log','files/flow/华为应用市场.xls','files/topapp/华为应用市场.html','2016-02-22 06:47:21','2016-02-22 06:50:36'),(582,'网易邮箱',1,'IOS 4.7.1','网易公司',35,0,'files/pcap/网易邮箱.pcap','files/log/网易邮箱_idf.log','files/flow/网易邮箱.xls','files/topapp/网易邮箱.html','2016-02-23 08:33:40','2016-02-23 08:36:43'),(583,'平安好医生',14,'IOS 2.11.0','平安健康互联网',91,0,'files/pcap/平安好医生.pcap','files/log/平安好医生_idf.log','files/flow/平安好医生.xls','files/topapp/平安好医生.html','2016-02-23 07:56:57','2016-02-23 08:00:33'),(584,'宝宝知道',14,'IOS 5.3','百度云计算技术（北京）有限公司',99,0,'files/pcap/宝宝知道.pcap','files/log/宝宝知道_idf.log','files/flow/宝宝知道.xls','files/topapp/宝宝知道.html','2016-02-23 07:52:16','2016-02-23 07:55:35'),(585,'乐动力',14,'IOS 5.8','懒动科技',18,0,'files/pcap/乐动力_F4O4GoF.pcap','files/log/乐动力_idf.log','files/flow/乐动力.xls','files/topapp/乐动力.html','2016-02-23 09:37:03','2016-02-23 09:40:07'),(586,'WPS',17,'IOS 5.2.0','金山软件股份有限公司',98,0,'files/pcap/wps.pcap','files/log/WPS_idf.log','files/flow/WPS.xls','files/topapp/WPS.html','2016-02-23 07:37:53','2016-02-23 07:41:41'),(587,'百度卫士',10,'Android 7.1.0','百度云计算技术（北京）有限公司',94,0,'files/pcap/百度卫士_160225_1.pcap','files/log/百度卫士_idf.log','files/flow/百度卫士.xls','files/topapp/百度卫士.html','2016-02-25 07:32:19','2016-02-25 07:36:03'),(588,'QQ同步助手',10,'IOS 6.2','腾讯（科技）深圳有限公司',82,0,'files/pcap/QQ同步助手_sGl62U4.pcap','files/log/QQ同步助手_idf.log','files/flow/QQ同步助手.xls','files/topapp/QQ同步助手.html','2016-02-25 08:58:45','2016-02-25 09:01:46'),(589,'欢乐斗地主',5,'IOS 5.7.011','腾讯',93,0,'files/pcap/欢乐斗地主.pcap','files/log/欢乐斗地主_idf.log','files/flow/欢乐斗地主.xls','files/topapp/欢乐斗地主.html','2016-02-24 09:20:25','2016-02-24 09:23:37'),(590,'万年历',14,'IOS 4.4.3','优路科技有限公司',71,0,'files/pcap/万年历_160225_2.pcap','files/log/万年历_idf.log','files/flow/万年历.xls','files/topapp/万年历.html','2016-02-25 08:18:19','2016-02-25 08:21:38'),(591,'QQ输入法',17,'Android 5.4.0','搜狗',98,0,'files/pcap/QQ输入法_160224_2.pcap','files/log/QQ输入法_idf.log','files/flow/QQ输入法.xls','files/topapp/QQ输入法.html','2016-02-24 07:53:03','2016-02-24 07:56:11'),(592,'千牛',16,'IOS 4.0.1','浙江天猫网络有限公司',92,0,'files/pcap/千牛_fYc2iSB.pcap','files/log/千牛_idf.log','files/flow/千牛.xls','files/topapp/千牛.html','2016-02-25 08:14:15','2016-02-25 08:17:46'),(593,'微云',13,'2.0版','腾讯',0,0,'files/pcap/微云_160229_3.pcap','files/log/微云_idf.log','files/flow/微云.xls','files/topapp/微云.html','2016-03-01 02:02:27','2016-03-01 02:08:07');

/*Table structure for table `auth_group` */

DROP TABLE IF EXISTS `auth_group`;

CREATE TABLE `auth_group` (
  `id` int(11) NOT NULL AUTO_INCREMENT,
  `name` varchar(80) NOT NULL,
  PRIMARY KEY (`id`),
  UNIQUE KEY `name` (`name`)
) ENGINE=InnoDB DEFAULT CHARSET=utf8;

/*Data for the table `auth_group` */

/*Table structure for table `auth_group_permissions` */

DROP TABLE IF EXISTS `auth_group_permissions`;

CREATE TABLE `auth_group_permissions` (
  `id` int(11) NOT NULL AUTO_INCREMENT,
  `group_id` int(11) NOT NULL,
  `permission_id` int(11) NOT NULL,
  PRIMARY KEY (`id`),
  UNIQUE KEY `group_id` (`group_id`,`permission_id`),
  KEY `auth_group_permissions_0e939a4f` (`group_id`),
  KEY `auth_group_permissions_8373b171` (`permission_id`),
  CONSTRAINT `auth_group__permission_id_5aa3639458b8f713_fk_auth_permission_id` FOREIGN KEY (`permission_id`) REFERENCES `auth_permission` (`id`),
  CONSTRAINT `auth_group_permissions_group_id_319ae8cbf3db1ad_fk_auth_group_id` FOREIGN KEY (`group_id`) REFERENCES `auth_group` (`id`)
) ENGINE=InnoDB DEFAULT CHARSET=utf8;

/*Data for the table `auth_group_permissions` */

/*Table structure for table `auth_permission` */

DROP TABLE IF EXISTS `auth_permission`;

CREATE TABLE `auth_permission` (
  `id` int(11) NOT NULL AUTO_INCREMENT,
  `name` varchar(255) NOT NULL,
  `content_type_id` int(11) NOT NULL,
  `codename` varchar(100) NOT NULL,
  PRIMARY KEY (`id`),
  UNIQUE KEY `content_type_id` (`content_type_id`,`codename`),
  KEY `auth_permission_417f1b1c` (`content_type_id`),
  CONSTRAINT `auth__content_type_id_2d333f8a27e0c8ea_fk_django_content_type_id` FOREIGN KEY (`content_type_id`) REFERENCES `django_content_type` (`id`)
) ENGINE=InnoDB AUTO_INCREMENT=25 DEFAULT CHARSET=utf8;

/*Data for the table `auth_permission` */

insert  into `auth_permission`(`id`,`name`,`content_type_id`,`codename`) values (1,'Can add log entry',1,'add_logentry'),(2,'Can change log entry',1,'change_logentry'),(3,'Can delete log entry',1,'delete_logentry'),(4,'Can add permission',2,'add_permission'),(5,'Can change permission',2,'change_permission'),(6,'Can delete permission',2,'delete_permission'),(7,'Can add group',3,'add_group'),(8,'Can change group',3,'change_group'),(9,'Can delete group',3,'delete_group'),(10,'Can add user',4,'add_user'),(11,'Can change user',4,'change_user'),(12,'Can delete user',4,'delete_user'),(13,'Can add content type',5,'add_contenttype'),(14,'Can change content type',5,'change_contenttype'),(15,'Can delete content type',5,'delete_contenttype'),(16,'Can add session',6,'add_session'),(17,'Can change session',6,'change_session'),(18,'Can delete session',6,'delete_session'),(19,'Can add pro_info',7,'add_pro_info'),(20,'Can change pro_info',7,'change_pro_info'),(21,'Can delete pro_info',7,'delete_pro_info'),(22,'Can add groups',8,'add_groups'),(23,'Can change groups',8,'change_groups'),(24,'Can delete groups',8,'delete_groups');

/*Table structure for table `auth_user` */

DROP TABLE IF EXISTS `auth_user`;

CREATE TABLE `auth_user` (
  `id` int(11) NOT NULL AUTO_INCREMENT,
  `password` varchar(128) NOT NULL,
  `last_login` datetime DEFAULT NULL,
  `is_superuser` tinyint(1) NOT NULL,
  `username` varchar(30) NOT NULL,
  `first_name` varchar(30) NOT NULL,
  `last_name` varchar(30) NOT NULL,
  `email` varchar(254) NOT NULL,
  `is_staff` tinyint(1) NOT NULL,
  `is_active` tinyint(1) NOT NULL,
  `date_joined` datetime NOT NULL,
  PRIMARY KEY (`id`),
  UNIQUE KEY `username` (`username`)
) ENGINE=InnoDB AUTO_INCREMENT=2 DEFAULT CHARSET=utf8;

/*Data for the table `auth_user` */

insert  into `auth_user`(`id`,`password`,`last_login`,`is_superuser`,`username`,`first_name`,`last_name`,`email`,`is_staff`,`is_active`,`date_joined`) values (1,'pbkdf2_sha256$24000$9rl4ttoxvy48$hRekRaGcDGHr4Razbf6I+Lkl+pFwTjBQE21CEmve0pM=','2016-02-18 07:27:03',1,'admin','','','2002wmj@163.com',1,1,'2015-03-05 01:37:04');

/*Table structure for table `auth_user_groups` */

DROP TABLE IF EXISTS `auth_user_groups`;

CREATE TABLE `auth_user_groups` (
  `id` int(11) NOT NULL AUTO_INCREMENT,
  `user_id` int(11) NOT NULL,
  `group_id` int(11) NOT NULL,
  PRIMARY KEY (`id`),
  UNIQUE KEY `user_id` (`user_id`,`group_id`),
  KEY `auth_user_groups_e8701ad4` (`user_id`),
  KEY `auth_user_groups_0e939a4f` (`group_id`),
  CONSTRAINT `auth_user_groups_group_id_7c61cb521791206a_fk_auth_group_id` FOREIGN KEY (`group_id`) REFERENCES `auth_group` (`id`),
  CONSTRAINT `auth_user_groups_user_id_75a1e7b96e9c2bcb_fk_auth_user_id` FOREIGN KEY (`user_id`) REFERENCES `auth_user` (`id`)
) ENGINE=InnoDB DEFAULT CHARSET=utf8;

/*Data for the table `auth_user_groups` */

/*Table structure for table `auth_user_user_permissions` */

DROP TABLE IF EXISTS `auth_user_user_permissions`;

CREATE TABLE `auth_user_user_permissions` (
  `id` int(11) NOT NULL AUTO_INCREMENT,
  `user_id` int(11) NOT NULL,
  `permission_id` int(11) NOT NULL,
  PRIMARY KEY (`id`),
  UNIQUE KEY `user_id` (`user_id`,`permission_id`),
  KEY `auth_user_user_permissions_e8701ad4` (`user_id`),
  KEY `auth_user_user_permissions_8373b171` (`permission_id`),
  CONSTRAINT `auth_user_u_permission_id_792362a95f47b936_fk_auth_permission_id` FOREIGN KEY (`permission_id`) REFERENCES `auth_permission` (`id`),
  CONSTRAINT `auth_user_user_permissi_user_id_17ccde32874abeb7_fk_auth_user_id` FOREIGN KEY (`user_id`) REFERENCES `auth_user` (`id`)
) ENGINE=InnoDB DEFAULT CHARSET=utf8;

/*Data for the table `auth_user_user_permissions` */

/*Table structure for table `django_admin_log` */

DROP TABLE IF EXISTS `django_admin_log`;

CREATE TABLE `django_admin_log` (
  `id` int(11) NOT NULL AUTO_INCREMENT,
  `action_time` datetime NOT NULL,
  `object_id` longtext,
  `object_repr` varchar(200) NOT NULL,
  `action_flag` smallint(5) unsigned NOT NULL,
  `change_message` longtext NOT NULL,
  `content_type_id` int(11) DEFAULT NULL,
  `user_id` int(11) NOT NULL,
  PRIMARY KEY (`id`),
  KEY `django_admin_log_417f1b1c` (`content_type_id`),
  KEY `django_admin_log_e8701ad4` (`user_id`),
  CONSTRAINT `djang_content_type_id_4b8f1061d3969107_fk_django_content_type_id` FOREIGN KEY (`content_type_id`) REFERENCES `django_content_type` (`id`),
  CONSTRAINT `django_admin_log_user_id_6f657240f3d63389_fk_auth_user_id` FOREIGN KEY (`user_id`) REFERENCES `auth_user` (`id`)
) ENGINE=InnoDB AUTO_INCREMENT=1253 DEFAULT CHARSET=utf8;

/*Data for the table `django_admin_log` */

insert  into `django_admin_log`(`id`,`action_time`,`object_id`,`object_repr`,`action_flag`,`change_message`,`content_type_id`,`user_id`) values (1,'2015-03-05 02:13:59','1','Groups object',1,'',8,1),(2,'2015-03-05 02:14:11','2','Groups object',1,'',8,1),(3,'2015-03-05 02:26:13','3','p2p应用',1,'',8,1),(4,'2015-03-05 02:28:22','1','vagaa',1,'',7,1),(5,'2015-03-05 02:29:53','1','vagaa',2,'已修改 pcap 。',7,1),(6,'2015-03-05 02:33:38','2','bittorrent',1,'',7,1),(7,'2015-03-05 02:54:22','1','vagaa',2,'已修改 shibielv 。',7,1),(8,'2015-03-06 07:34:32','3','酷派游戏中心',1,'',7,1),(9,'2015-03-23 03:13:37','4','网络服务',1,'',8,1),(10,'2015-03-23 03:15:34','4','dns',1,'',7,1),(11,'2015-03-23 03:16:01','4','dns',2,'Changed desc and corporation.',7,1),(12,'2015-03-23 03:16:33','4','dns',2,'Changed corporation.',7,1),(13,'2015-03-25 08:10:39','4','dns',2,'已修改 ident 。',7,1),(14,'2015-03-25 09:08:35','4','dns',2,'已修改 pcap 。',7,1),(15,'2015-03-25 09:15:33','2','bittorrent',2,'已修改 status 。',7,1),(16,'2015-03-25 09:15:41','1','vagaa',2,'已修改 status 。',7,1),(17,'2015-03-25 09:30:47','5','网络游戏',1,'',8,1),(18,'2015-03-25 09:32:25','5','QQ牧场',1,'',7,1),(19,'2015-03-25 09:32:27','5','QQ牧场',2,'没有字段被修改。',7,1),(20,'2015-03-25 09:58:19','5','QQ牧场',2,'已修改 pcap 。',7,1),(21,'2015-03-26 01:26:19','5','QQ牧场',2,'没有字段被修改。',7,1),(22,'2015-03-26 01:39:53','3','p2p应用',2,'没有字段被修改。',8,1),(23,'2015-03-26 01:43:06','6','kugou',1,'',7,1),(24,'2015-03-26 02:13:19','6','即时通信',1,'',8,1),(25,'2015-03-26 02:13:50','7','aim',1,'',7,1),(26,'2015-03-26 06:07:18','5','QQ牧场',2,'已修改 pcap 。',7,1),(27,'2015-03-26 07:06:49','1','vagaa',2,'已修改 ident 。',7,1),(28,'2015-03-26 07:13:56','5','QQ牧场',2,'已修改 pcap 。',7,1),(29,'2015-03-26 08:31:00','5','QQ牧场',2,'已修改 pcap 。',7,1),(30,'2015-03-26 08:43:36','5','QQ牧场',2,'已修改 pcap 。',7,1),(31,'2015-03-26 09:08:50','5','QQ牧场',2,'已修改 pcap 。',7,1),(32,'2015-03-26 09:39:54','5','QQ牧场',2,'已修改 pcap 。',7,1),(33,'2015-03-27 01:47:28','7','General_TCP',1,'',8,1),(34,'2015-03-27 01:48:12','8','General_TCP',1,'',7,1),(35,'2015-03-30 01:24:39','8','网络电话',1,'',8,1),(36,'2015-03-30 01:25:48','9','skype',1,'',7,1),(37,'2015-03-30 01:52:39','9','skype',2,'已修改 pcap 。',7,1),(38,'2015-03-30 03:15:43','10','raketu',1,'',7,1),(39,'2015-03-31 02:17:38','11','QQ农场',1,'',7,1),(40,'2015-03-31 02:31:48','11','qq农场',2,'已修改 name 。',7,1),(41,'2015-03-31 06:06:29','12','iMesh',1,'',7,1),(42,'2015-03-31 06:14:03','9','金融理财',1,'',8,1),(43,'2015-03-31 06:14:58','13','华安证券',1,'',7,1),(44,'2015-03-31 09:02:26','9','skype',2,'已修改 pcap 。',7,1),(45,'2015-04-01 06:46:17','14','中信建投',1,'',7,1),(46,'2015-04-01 06:55:39','15','诛仙',1,'',7,1),(47,'2015-04-01 08:38:58','9','skype',3,'',7,1),(48,'2015-04-01 08:40:30','16','skype',1,'',7,1),(49,'2015-04-02 01:36:24','16','skype',2,'已修改 pcap 。',7,1),(50,'2015-04-02 02:04:57','17','xunlei',1,'',7,1),(51,'2015-04-02 02:12:47','3','酷派游戏中心',2,'已修改 status 。',7,1),(52,'2015-04-02 02:26:06','18','梦幻西游',1,'',7,1),(53,'2015-04-02 08:28:34','17','迅雷看看',2,'已修改 name，group 和 desc 。',7,1),(54,'2015-04-02 09:05:47','17','迅雷看看',2,'已修改 pcap 。',7,1),(55,'2015-04-02 09:16:29','19','xunlei',1,'',7,1),(56,'2015-04-03 02:42:57','20','蜀山',1,'',7,1),(57,'2015-04-07 03:35:57','21','uucall',1,'',7,1),(58,'2015-04-07 03:37:09','22','传世无双',1,'',7,1),(59,'2015-04-07 03:38:16','23','天台同城游戏',1,'',7,1),(60,'2015-04-07 06:26:26','21','uucall（QQVoice)',2,'已修改 name 。',7,1),(61,'2015-04-07 06:45:36','19','xunlei',2,'已修改 status 。',7,1),(62,'2015-04-07 06:45:47','21','uucall（QQVoice)',2,'已修改 status 。',7,1),(63,'2015-04-07 07:00:08','21','uucall（QQVoice)',2,'没有字段被修改。',7,1),(64,'2015-04-07 07:01:02','21','uucall',2,'已修改 name 。',7,1),(65,'2015-04-07 07:01:19','21','uucall',2,'已修改 status 。',7,1),(66,'2015-04-07 07:21:01','22','传世无双',2,'已修改 status 。',7,1),(67,'2015-04-07 07:21:08','21','uucall',2,'已修改 status 。',7,1),(68,'2015-04-07 09:43:19','23','天台同城游戏',2,'已修改 pcap 。',7,1),(69,'2015-04-08 06:47:32','24','天下贰/天下3',1,'',7,1),(70,'2015-04-08 07:23:06','24','天下贰/天下3',2,'已修改 status 。',7,1),(71,'2015-04-08 07:23:39','24','天下贰/天下3',2,'没有字段被修改。',7,1),(72,'2015-04-08 07:24:31','24','天下贰/天下3',2,'已修改 pcap 。',7,1),(73,'2015-04-10 01:39:00','24','天下贰/天下3',3,'',7,1),(74,'2015-04-10 02:26:52','25','miranda',1,'',7,1),(75,'2015-04-10 02:34:29','26','vuze',1,'',7,1),(76,'2015-04-10 03:27:34','27','多玩YY ',1,'',7,1),(77,'2015-04-10 03:37:14','27','多玩YY ',2,'没有字段被修改。',7,1),(78,'2015-04-10 03:56:44','23','天台同城游戏',2,'已修改 desc，corporation 和 pcap 。',7,1),(79,'2015-04-10 03:58:05','28','同城游',1,'',7,1),(80,'2015-04-10 04:21:52','27','多玩YY',2,'已修改 name 。',7,1),(81,'2015-04-13 02:57:58','28','同城游',2,'已修改 pcap 。',7,1),(82,'2015-04-13 02:58:20','27','多玩YY',2,'已修改 pcap 。',7,1),(83,'2015-04-13 02:58:36','25','miranda',2,'已修改 pcap 。',7,1),(84,'2015-04-13 02:58:58','23','天台同城游戏',2,'已修改 pcap 。',7,1),(85,'2015-04-13 03:38:04','23','天台同城游戏',2,'已修改 pcap 。',7,1),(86,'2015-04-13 03:40:56','25','miranda',2,'已修改 pcap 。',7,1),(87,'2015-04-13 03:50:06','23','天台同城游戏',2,'已修改 pcap 。',7,1),(88,'2015-04-14 06:31:03','29','战地之王',1,'',7,1),(89,'2015-04-14 06:32:10','30','雷神之锤',1,'',7,1),(90,'2015-04-15 03:41:11','31','完美世界',1,'',7,1),(91,'2015-04-15 03:42:16','32','FIFAOL2',1,'',7,1),(92,'2015-04-15 03:43:17','33','QQ餐厅',1,'',7,1),(93,'2015-04-15 06:31:10','34','foxmail',1,'',7,1),(94,'2015-04-15 06:32:13','34','foxmail',2,'已修改 status 。',7,1),(95,'2015-04-15 09:07:02','32','FIFAOL2',2,'已修改 pcap 。',7,1),(96,'2015-04-16 03:15:26','35','魔法卡片',1,'',7,1),(97,'2015-04-16 07:27:19','34','foxmail',2,'已修改 pcap 。',7,1),(98,'2015-04-16 07:27:48','35','魔法卡片',2,'已修改 pcap 。',7,1),(99,'2015-04-16 08:14:55','33','QQ餐厅',2,'没有字段被修改。',7,1),(100,'2015-04-17 02:23:29','36','新浪游戏',1,'',7,1),(101,'2015-04-17 02:23:53','26','vuze',2,'已修改 pcap 。',7,1),(102,'2015-04-17 03:09:59','37','劲舞团',1,'',7,1),(103,'2015-04-17 07:23:02','35','魔法卡片',2,'已修改 pcap 。',7,1),(104,'2015-04-17 07:24:34','38','问道',1,'',7,1),(105,'2015-04-17 07:25:55','39','星际争霸',1,'',7,1),(106,'2015-04-20 09:01:14','33','QQ餐厅',3,'',7,1),(107,'2015-04-20 09:15:29','40','QQ餐厅',1,'',7,1),(108,'2015-04-20 09:44:33','39','星际争霸',2,'已修改 status 和 pcap 。',7,1),(109,'2015-04-21 02:36:30','41','英雄岛',1,'',7,1),(110,'2015-04-21 03:19:24','41','英雄岛',2,'没有字段被修改。',7,1),(111,'2015-04-21 08:49:47','40','QQ餐厅',2,'已修改 pcap 。',7,1),(112,'2015-04-22 07:10:07','36','新浪游戏',2,'已修改 pcap 。',7,1),(113,'2015-04-22 07:20:26','2','bittorrent',2,'已修改 desc，corporation，status 和 pcap 。',7,1),(114,'2015-04-22 07:58:18','42','新浪UT',1,'',7,1),(115,'2015-04-22 08:17:18','43','武魂',1,'',7,1),(116,'2015-04-22 09:48:38','44','和讯股道',1,'',7,1),(117,'2015-04-23 02:27:54','45','QQ超市',1,'',7,1),(118,'2015-04-23 02:35:57','46','11对战平台',1,'',7,1),(119,'2015-04-23 02:46:03','10','安全管理',1,'',8,1),(120,'2015-04-23 02:46:48','47','QQ电脑管家',1,'',7,1),(121,'2015-04-23 06:29:50','48','微信',1,'',7,1),(122,'2015-04-23 08:37:55','47','QQ电脑管家',2,'已修改 pcap 。',7,1),(123,'2015-04-23 09:15:03','29','战地之王',2,'已修改 pcap 。',7,1),(124,'2015-04-23 09:27:17','49','轩辕传奇',1,'',7,1),(125,'2015-04-24 02:58:41','50','SoulSeek',1,'',7,1),(126,'2015-04-24 03:05:23','51','分析家',1,'',7,1),(127,'2015-04-28 01:42:11','52','风暴战区',1,'',7,1),(128,'2015-04-28 01:50:27','53','爱酷',1,'',7,1),(129,'2015-04-28 03:02:47','54','操盘手',1,'',7,1),(130,'2015-04-28 06:09:27','55','中国游戏中心',1,'',7,1),(131,'2015-04-29 02:05:27','56','9158视频',1,'',7,1),(132,'2015-04-29 03:16:56','57','QQ_AV',1,'',7,1),(133,'2015-04-29 05:47:49','53','爱酷',2,'已修改 pcap 。',7,1),(134,'2015-04-29 06:38:52','54','操盘手',2,'已修改 pcap 。',7,1),(135,'2015-04-29 08:41:47','58','神鬼传奇',1,'',7,1),(136,'2015-04-30 02:45:25','54','操盘手',2,'已修改 pcap 。',7,1),(137,'2015-04-30 02:54:58','54','操盘手',2,'已修改 pcap 。',7,1),(138,'2015-04-30 06:29:30','59','仙剑OL',1,'',7,1),(139,'2015-04-30 07:37:46','54','操盘手',2,'已修改 pcap 。',7,1),(140,'2015-04-30 07:39:10','54','操盘手',2,'已修改 status 。',7,1),(141,'2015-04-30 08:10:03','54','操盘手',2,'已修改 pcap 。',7,1),(142,'2015-05-04 02:18:05','60','ppgou',1,'',7,1),(143,'2015-05-04 02:37:34','61','fetion_audio',1,'',7,1),(144,'2015-05-04 03:20:07','62','网易泡泡',1,'',7,1),(145,'2015-05-04 03:41:48','63','aliwangwang_audio',1,'',7,1),(146,'2015-05-04 07:21:07','57','QQ_AV',2,'已修改 pcap 。',7,1),(147,'2015-05-04 07:39:06','60','ppgou',2,'已修改 pcap 。',7,1),(148,'2015-05-04 08:49:53','57','QQ_AV',2,'已修改 pcap 。',7,1),(149,'2015-05-04 09:26:36','57','QQ_AV',2,'已修改 pcap 。',7,1),(150,'2015-05-04 09:42:22','57','QQ_AV',2,'已修改 pcap 。',7,1),(151,'2015-05-05 02:36:02','64','QQ_FILE',1,'',7,1),(152,'2015-05-05 03:04:46','65','穿越火线',1,'',7,1),(153,'2015-05-05 03:11:20','66','赤壁',1,'',7,1),(154,'2015-05-05 03:20:36','67','qqlive',1,'',7,1),(155,'2015-05-05 03:53:27','66','赤壁',2,'已修改 desc，corporation 和 pcap 。',7,1),(156,'2015-05-06 03:24:19','68','倚天剑与屠龙刀',1,'',7,1),(157,'2015-05-06 03:25:28','69','黄金岛',1,'',7,1),(158,'2015-05-06 03:29:43','39','星际争霸',2,'已修改 pcap 。',7,1),(159,'2015-05-06 07:09:39','39','星际争霸',2,'已修改 pcap 。',7,1),(160,'2015-05-06 08:14:00','70','QQ邮箱',1,'',7,1),(161,'2015-05-08 01:42:10','70','QQ邮箱',2,'已修改 status 和 pcap 。',7,1),(162,'2015-05-08 01:42:17','70','QQ邮箱',2,'已修改 status 。',7,1),(163,'2015-05-08 03:30:30','71','口袋西游',1,'',7,1),(164,'2015-05-08 03:31:43','72','v6speed',1,'',7,1),(165,'2015-05-08 03:33:07','73','bitspirit',1,'',7,1),(166,'2015-05-08 03:33:49','10','raketu',2,'已修改 pcap 。',7,1),(167,'2015-05-08 06:36:28','70','QQ邮箱',2,'已修改 pcap 。',7,1),(168,'2015-05-08 09:24:52','68','倚天剑与屠龙刀',2,'已修改 pcap 。',7,1),(169,'2015-05-08 09:47:25','10','raketu',2,'已修改 pcap 。',7,1),(170,'2015-05-08 10:00:09','10','raketu',2,'已修改 pcap 。',7,1),(171,'2015-05-08 10:07:37','10','raketu',2,'已修改 pcap 。',7,1),(172,'2015-05-11 01:03:12','10','raketu',2,'已修改 pcap 。',7,1),(173,'2015-05-11 03:01:27','47','QQ电脑管家',2,'已修改 pcap 。',7,1),(174,'2015-05-11 03:10:36','74','寻仙',1,'',7,1),(175,'2015-05-11 03:28:17','49','轩辕传奇',2,'已修改 pcap 。',7,1),(176,'2015-05-11 07:35:56','63','aliwangwang_audio',2,'已修改 pcap 。',7,1),(177,'2015-05-12 02:25:35','10','raketu',2,'已修改 pcap 。',7,1),(178,'2015-05-12 03:52:34','75','realplayer',1,'',7,1),(179,'2015-05-12 07:09:51','75','realplayer',2,'已修改 pcap 。',7,1),(180,'2015-05-12 09:06:13','76','风雷游戏',1,'',7,1),(181,'2015-05-13 03:59:42','76','风雷游戏',2,'已修改 pcap 。',7,1),(182,'2015-05-13 05:53:22','77','星辰变',1,'',7,1),(183,'2015-05-13 06:11:51','31','完美世界',2,'已修改 pcap 。',7,1),(184,'2015-05-13 06:37:19','78','磊客',1,'',7,1),(185,'2015-05-13 07:41:21','77','星辰变',2,'已修改 pcap 。',7,1),(186,'2015-05-13 07:58:50','31','完美世界',2,'已修改 pcap 。',7,1),(187,'2015-05-13 08:43:28','78','磊客',2,'已修改 pcap 。',7,1),(188,'2015-05-13 08:49:16','78','磊客',2,'已修改 pcap 。',7,1),(189,'2015-05-13 09:23:04','78','磊客',2,'已修改 pcap 。',7,1),(190,'2015-05-14 03:22:33','48','微信',2,'已修改 pcap 。',7,1),(191,'2015-05-14 03:23:44','79','ttplayer',1,'',7,1),(192,'2015-05-14 03:45:24','80','JeBoo',1,'',7,1),(193,'2015-05-14 04:00:23','81','新浪奥运视频',1,'',7,1),(194,'2015-05-14 07:47:21','60','ppgou',2,'已修改 pcap 。',7,1),(195,'2015-05-14 09:56:05','60','ppgou',2,'已修改 pcap 。',7,1),(196,'2015-05-15 03:10:49','82','瑞星',1,'',7,1),(197,'2015-05-15 06:39:10','83','交通银行',1,'',7,1),(198,'2015-05-15 06:40:21','84','邮政银行',1,'',7,1),(199,'2015-05-15 06:41:29','85','招商银行',1,'',7,1),(200,'2015-05-15 09:59:56','57','QQ_AV',2,'已修改 pcap 。',7,1),(201,'2015-05-18 03:24:58','86','中国民生银行',1,'',7,1),(202,'2015-05-18 03:26:05','87','浦发银行',1,'',7,1),(203,'2015-05-18 03:27:01','88','平安银行',1,'',7,1),(204,'2015-05-18 03:43:15','87','浦发银行',2,'已修改 pcap 。',7,1),(205,'2015-05-19 03:41:50','89','中国银行',1,'',7,1),(206,'2015-05-19 03:43:05','90','中信银行',1,'',7,1),(207,'2015-05-19 03:44:15','91','兴业银行',1,'',7,1),(208,'2015-05-19 03:45:13','92','广发银行',1,'',7,1),(209,'2015-05-19 08:25:02','93','中国工商银行',1,'',7,1),(210,'2015-05-19 08:25:58','94','同花顺',1,'',7,1),(211,'2015-05-20 06:34:32','95','富远行情',1,'',7,1),(212,'2015-05-20 06:35:13','96','宏汇软件',1,'',7,1),(213,'2015-05-20 06:36:08','97','360彩票',1,'',7,1),(214,'2015-05-21 01:53:22','11','网络资讯',1,'',8,1),(215,'2015-05-21 01:53:51','98','凤凰新闻',1,'',7,1),(216,'2015-05-21 01:54:59','99','搜狐新闻',1,'',7,1),(217,'2015-05-21 01:56:05','100','网易新闻',1,'',7,1),(218,'2015-05-21 08:26:02','95','富远行情',2,'已修改 pcap 。',7,1),(219,'2015-05-22 02:14:38','101','新浪新闻',1,'',7,1),(220,'2015-05-22 02:15:41','102','360新闻',1,'',7,1),(221,'2015-05-22 02:16:52','12','图形影像',1,'',8,1),(222,'2015-05-22 02:16:55','103','美图秀秀',1,'',7,1),(223,'2015-05-22 02:17:13','103','美图秀秀',2,'已修改 pcap 。',7,1),(224,'2015-05-22 09:54:04','13','华安证券',2,'已修改 pcap 。',7,1),(225,'2015-05-22 09:55:10','104','浩方',1,'',7,1),(226,'2015-05-25 03:01:03','105','网易彩票',1,'',7,1),(227,'2015-05-25 03:02:01','106','9188彩票',1,'',7,1),(228,'2015-05-25 03:03:09','107','彩客彩票',1,'',7,1),(229,'2015-05-25 03:04:27','108','东方财富通',1,'',7,1),(230,'2015-05-25 06:16:54','109','超级旋风（QQ旋风）',1,'',7,1),(231,'2015-05-25 06:17:48','110','UUSee',1,'',7,1),(232,'2015-05-25 07:47:10','108','东方财富通',2,'已修改 pcap 。',7,1),(233,'2015-05-25 07:48:03','109','超级旋风（QQ旋风）',2,'没有字段被修改。',7,1),(234,'2015-05-25 07:48:16','109','超级旋风（QQ旋风）',2,'已修改 pcap 。',7,1),(235,'2015-05-25 07:50:37','109','超级旋风（QQ旋风）',2,'已修改 pcap 。',7,1),(236,'2015-05-26 02:38:40','13','网络存储',1,'',8,1),(237,'2015-05-26 02:38:58','111','华为网盘',1,'',7,1),(238,'2015-05-26 02:39:49','112','百度云网盘',1,'',7,1),(239,'2015-05-26 02:40:44','113','人民日报',1,'',7,1),(240,'2015-05-26 02:41:38','114','百度新闻',1,'',7,1),(241,'2015-05-26 08:18:50','114','百度新闻',2,'已修改 pcap 。',7,1),(242,'2015-05-26 08:51:19','114','百度新闻',2,'没有字段被修改。',7,1),(243,'2015-05-26 08:51:24','114','百度新闻',2,'已修改 pcap 。',7,1),(244,'2015-05-26 09:39:02','112','百度云网盘',2,'已修改 pcap 。',7,1),(245,'2015-05-27 02:22:46','111','华为网盘',2,'已修改 pcap 。',7,1),(246,'2015-05-27 06:24:22','14','生活应用',1,'',8,1),(247,'2015-05-27 06:24:39','115','大众点评',1,'',7,1),(248,'2015-05-27 06:25:48','15','交通出行',1,'',8,1),(249,'2015-05-27 06:26:01','116','高铁管家',1,'',7,1),(250,'2015-05-27 06:27:10','117','墨迹天气',1,'',7,1),(251,'2015-05-27 06:28:15','118','去哪儿旅行',1,'',7,1),(252,'2015-05-27 09:01:12','119','倩女幽魂',1,'',7,1),(253,'2015-05-27 09:43:31','119','倩女幽魂',2,'已修改 pcap 。',7,1),(254,'2015-05-28 01:25:53','119','倩女幽魂',2,'已修改 pcap 。',7,1),(255,'2015-05-28 02:24:54','120','图吧导航',1,'',7,1),(256,'2015-05-28 02:25:40','121','老虎地图',1,'',7,1),(257,'2015-05-28 02:26:45','122','航班管家',1,'',7,1),(258,'2015-05-28 02:45:49','123','sip',1,'',7,1),(259,'2015-05-28 06:05:20','124','MSN_AV',1,'',7,1),(260,'2015-05-28 07:06:54','61','fetion_audio',2,'已修改 pcap 。',7,1),(261,'2015-05-28 07:07:20','61','fetion_audio',2,'没有字段被修改。',7,1),(262,'2015-05-29 02:22:22','125','最美天气',1,'',7,1),(263,'2015-05-29 02:24:00','126','8684公交',1,'',7,1),(264,'2015-05-29 02:25:52','127','美柚',1,'',7,1),(265,'2015-05-29 02:52:56','125','最美天气',2,'已修改 pcap 。',7,1),(266,'2015-05-29 06:39:53','125','最美天气',2,'已修改 pcap 。',7,1),(267,'2015-05-29 08:18:45','125','最美天气',2,'已修改 pcap 。',7,1),(268,'2015-06-01 03:04:59','128','肯德基',1,'',7,1),(269,'2015-06-01 03:05:41','129','铁路12306',1,'',7,1),(270,'2015-06-01 03:06:37','130','知趣天气',1,'',7,1),(271,'2015-06-02 02:33:34','130','知趣天气',2,'已修改 pcap 。',7,1),(272,'2015-06-02 02:34:09','129','铁路12306',2,'已修改 pcap 。',7,1),(273,'2015-06-02 03:20:16','131','快的打车',1,'',7,1),(274,'2015-06-02 03:21:14','132','高德地图',1,'',7,1),(275,'2015-06-02 06:28:55','16','网络购物',1,'',8,1),(276,'2015-06-02 06:29:15','133','淘宝',1,'',7,1),(277,'2015-06-02 06:47:09','134','兵王',1,'',7,1),(278,'2015-06-02 06:52:31','135','征途',1,'',7,1),(279,'2015-06-02 09:02:16','133','淘宝',2,'已修改 pcap 。',7,1),(280,'2015-06-02 09:19:36','133','淘宝',2,'已修改 pcap 。',7,1),(281,'2015-06-03 01:57:10','136','窝牛装修',1,'',7,1),(282,'2015-06-03 01:58:09','137','每日瑜伽',1,'',7,1),(283,'2015-06-03 01:58:55','138','天气通',1,'',7,1),(284,'2015-06-03 02:00:05','139','艺龙旅行',1,'',7,1),(285,'2015-06-03 09:57:51','136','窝牛装修',2,'已修改 pcap 。',7,1),(286,'2015-06-04 02:30:18','140','联通',1,'',7,1),(287,'2015-06-04 02:31:23','141','360天气',1,'',7,1),(288,'2015-06-04 02:33:18','142','驴妈妈旅游',1,'',7,1),(289,'2015-06-04 02:34:25','143','搜狗地图',1,'',7,1),(290,'2015-06-05 03:44:53','144','安居客',1,'',7,1),(291,'2015-06-05 03:45:39','145','粉粉日记',1,'',7,1),(292,'2015-06-05 03:46:40','146','中投证券',1,'',7,1),(293,'2015-06-05 06:19:31','17','读写学习',1,'',8,1),(294,'2015-06-05 06:19:43','147','英语流利说',1,'',7,1),(295,'2015-06-05 07:56:53','146','中投证券',2,'已修改 pcap 。',7,1),(296,'2015-06-08 02:28:52','18','网络社区',1,'',8,1),(297,'2015-06-08 02:29:04','148','腾讯微博',1,'',7,1),(298,'2015-06-08 02:29:55','149','新浪微博',1,'',7,1),(299,'2015-06-08 02:31:33','150','有道云笔记',1,'',7,1),(300,'2015-06-08 02:32:49','151','书旗小说',1,'',7,1),(301,'2015-06-09 02:04:54','152','有妖气漫画',1,'',7,1),(302,'2015-06-09 02:06:21','153','天涯社区',1,'',7,1),(303,'2015-06-09 02:07:39','154','必应词典',1,'',7,1),(304,'2015-06-09 02:08:37','155','金山词霸',1,'',7,1),(305,'2015-06-09 03:26:46','154','必应词典',2,'已修改 pcap 。',7,1),(306,'2015-06-10 02:15:24','156','有道翻译官',1,'',7,1),(307,'2015-06-10 02:16:24','157','畅读',1,'',7,1),(308,'2015-06-10 02:17:41','158','知乎',1,'',7,1),(309,'2015-06-10 02:18:54','159','掌阅iReader',1,'',7,1),(310,'2015-06-11 02:19:23','160','凤凰读书',1,'',7,1),(311,'2015-06-11 02:20:16','161','读书巴士',1,'',7,1),(312,'2015-06-11 02:21:24','162','驾考宝典',1,'',7,1),(313,'2015-06-11 02:22:11','163','知米背单词',1,'',7,1),(314,'2015-06-12 03:28:58','164','我要当学霸',1,'',7,1),(315,'2015-06-12 03:29:59','165','凯立德导航',1,'',7,1),(316,'2015-06-12 03:31:21','166','安卓读书',1,'',7,1),(317,'2015-06-12 03:32:00','167','GGBOOK看书',1,'',7,1),(318,'2015-06-15 02:16:08','168','多邻国(duolinguo)',1,'',7,1),(319,'2015-06-15 02:17:29','169','蝉游记',1,'',7,1),(320,'2015-06-15 02:18:48','170','多看阅读',1,'',7,1),(321,'2015-06-15 02:19:32','171','每日美文',1,'',7,1),(322,'2015-06-16 02:39:21','172','和地图',1,'',7,1),(323,'2015-06-16 02:50:54','173','卷皮网',1,'',7,1),(324,'2015-06-16 02:52:23','174','米折',1,'',7,1),(325,'2015-06-16 02:53:38','175','车轮考驾照',1,'',7,1),(326,'2015-06-16 02:54:43','176','中关村在线',1,'',7,1),(327,'2015-06-23 02:44:54','177','360影视大全',1,'',7,1),(328,'2015-06-23 02:46:43','178','360清理大师',1,'',7,1),(329,'2015-06-23 02:47:35','179','饿了么',1,'',7,1),(330,'2015-06-23 02:48:42','19','搜索引擎',1,'',8,1),(331,'2015-06-23 02:49:07','180','百度',1,'',7,1),(332,'2015-06-24 01:32:59','180','百度',2,'已修改 pcap 。',7,1),(333,'2015-06-24 01:33:15','179','饿了么',2,'已修改 pcap 。',7,1),(334,'2015-06-24 01:33:33','178','360清理大师',2,'已修改 pcap 。',7,1),(335,'2015-06-24 01:33:52','177','360影视大全',2,'已修改 pcap 。',7,1),(336,'2015-06-24 01:34:39','181','途家',1,'',7,1),(337,'2015-06-24 01:35:10','182','优步',1,'',7,1),(338,'2015-06-24 06:34:20','181','途家',2,'已修改 pcap 。',7,1),(339,'2015-06-25 01:51:40','20','网站浏览',1,'',8,1),(340,'2015-06-25 01:51:52','183','QQ浏览器',1,'',7,1),(341,'2015-06-25 01:53:16','184','铃声多多',1,'',7,1),(342,'2015-06-25 01:54:43','185','google',1,'',7,1),(343,'2015-06-25 01:55:55','186','360省电王',1,'',7,1),(344,'2015-06-25 07:21:52','186','360省电王',2,'已修改 pcap 。',7,1),(345,'2015-06-25 07:48:39','187','chrome',1,'',7,1),(346,'2015-06-25 07:51:08','187','chrome',2,'已修改 pcap 。',7,1),(347,'2015-06-25 09:13:10','177','360影视大全',2,'已修改 pcap 。',7,1),(348,'2015-06-26 02:41:58','188','支付宝钱包',1,'',7,1),(349,'2015-06-26 02:42:29','17','迅雷看看',2,'已修改 pcap 。',7,1),(350,'2015-06-26 07:06:47','189','学霸君',1,'',7,1),(351,'2015-06-26 07:07:20','189','学霸君',2,'已修改 pcap 。',7,1),(352,'2015-06-26 07:25:10','190','360游戏',1,'',7,1),(353,'2015-06-26 07:29:28','190','360游戏',2,'已修改 pcap 。',7,1),(354,'2015-06-26 10:04:29','54','操盘手',2,'已修改 pcap 。',7,1),(355,'2015-06-29 01:04:41','54','操盘手',2,'已修改 pcap 。',7,1),(356,'2015-06-29 02:51:34','191','百度糯米',1,'',7,1),(357,'2015-06-29 03:11:56','191','百度糯米',2,'已修改 pcap 。',7,1),(358,'2015-06-29 07:35:45','192','氧气听书',1,'',7,1),(359,'2015-06-29 07:37:08','193','考拉FM',1,'',7,1),(360,'2015-06-29 07:38:13','194','今日半价',1,'',7,1),(361,'2015-06-30 03:08:05','195','极品钢琴',1,'',7,1),(362,'2015-06-30 03:09:17','196','咪咕音乐',1,'',7,1),(363,'2015-06-30 07:45:20','197','小猿搜题',1,'',7,1),(364,'2015-06-30 07:45:55','198','驾校一点通',1,'',7,1),(365,'2015-06-30 07:47:03','198','驾校一点通',2,'已修改 pcap 。',7,1),(366,'2015-06-30 07:47:22','197','小猿搜题',2,'已修改 pcap 。',7,1),(367,'2015-06-30 08:20:35','198','驾校一点通',2,'没有字段被修改。',7,1),(368,'2015-07-01 02:19:48','199','美乐时光',1,'',7,1),(369,'2015-07-01 02:21:59','200','爱音乐',1,'',7,1),(370,'2015-07-02 02:40:07','201','易信',1,'',7,1),(371,'2015-07-02 02:41:01','202','穷游锦囊',1,'',7,1),(372,'2015-07-02 02:42:07','203','最美装修',1,'',7,1),(373,'2015-07-02 02:42:56','204','考拉海购',1,'',7,1),(374,'2015-07-02 02:44:01','204','考拉海购',2,'已修改 pcap 。',7,1),(375,'2015-07-02 02:44:17','203','最美装修',2,'已修改 pcap 。',7,1),(376,'2015-07-02 08:53:36','205','旅游攻略',1,'',7,1),(377,'2015-07-02 08:54:12','206','穷游',1,'',7,1),(378,'2015-07-02 08:54:52','207','铜掌柜理财',1,'',7,1),(379,'2015-07-02 08:55:44','207','铜掌柜理财',2,'已修改 pcap 。',7,1),(380,'2015-07-02 08:56:00','206','穷游',2,'已修改 pcap 。',7,1),(381,'2015-07-02 08:56:27','205','旅游攻略',2,'已修改 pcap 。',7,1),(382,'2015-07-03 02:40:39','208','名鞋库客户端',1,'',7,1),(383,'2015-07-03 02:41:50','209','京东商城',1,'',7,1),(384,'2015-07-03 02:42:55','210','凡客诚品',1,'',7,1),(385,'2015-07-03 06:23:16','211','讯飞输入法',1,'',7,1),(386,'2015-07-03 06:23:51','212','360浏览器',1,'',7,1),(387,'2015-07-03 06:25:53','212','360浏览器',2,'已修改 pcap 。',7,1),(388,'2015-07-03 06:26:11','211','讯飞输入法',2,'已修改 pcap 。',7,1),(389,'2015-07-06 03:11:16','213','一淘',1,'',7,1),(390,'2015-07-06 03:12:05','214','开迅视频',1,'',7,1),(391,'2015-07-06 03:12:45','215','虾米音乐',1,'',7,1),(392,'2015-07-07 02:23:58','216','综合眼保健',1,'',7,1),(393,'2015-07-07 02:25:32','217','义乌购',1,'',7,1),(394,'2015-07-07 02:26:38','218','口袋购物',1,'',7,1),(395,'2015-07-07 06:28:51','21','数据传输',1,'',8,1),(396,'2015-07-07 06:28:59','219','快牙',1,'',7,1),(397,'2015-07-07 06:30:06','220','全民K歌',1,'',7,1),(398,'2015-07-07 06:30:57','221','in',1,'',7,1),(399,'2015-07-07 06:31:34','222','橙牛汽车管家',1,'',7,1),(400,'2015-07-07 06:33:21','222','橙牛汽车管家',2,'已修改 pcap 。',7,1),(401,'2015-07-07 06:33:38','221','in',2,'已修改 pcap 。',7,1),(402,'2015-07-07 06:34:23','220','全民K歌',2,'已修改 pcap 。',7,1),(403,'2015-07-07 06:34:41','219','快牙',2,'已修改 pcap 。',7,1),(404,'2015-07-07 07:45:12','220','全民K歌',2,'已修改 pcap 。',7,1),(405,'2015-07-07 07:45:37','219','快牙',2,'已修改 pcap 。',7,1),(406,'2015-07-07 08:09:43','223','招商证券',1,'',7,1),(407,'2015-07-08 02:44:19','224','良仓',1,'',7,1),(408,'2015-07-08 02:45:48','225','汽车之家',1,'',7,1),(409,'2015-07-08 02:47:03','226','蜻蜓FM',1,'',7,1),(410,'2015-07-08 06:37:41','227','七牛云存储',1,'',7,1),(411,'2015-07-08 06:38:17','228','闺蜜美妆',1,'',7,1),(412,'2015-07-08 06:39:20','228','闺蜜美妆',2,'已修改 pcap 。',7,1),(413,'2015-07-08 06:39:41','227','七牛云存储',2,'已修改 pcap 。',7,1),(414,'2015-07-08 09:25:53','229','飞聊',1,'',7,1),(415,'2015-07-09 02:45:53','230','凤凰视频',1,'',7,1),(416,'2015-07-09 02:47:02','231','爸爸去哪儿2',1,'',7,1),(417,'2015-07-09 02:48:24','232','美丽说',1,'',7,1),(418,'2015-07-09 06:19:16','233','搜狗号码通',1,'',7,1),(419,'2015-07-09 06:19:53','234','提分',1,'',7,1),(420,'2015-07-09 06:27:03','234','提分',2,'已修改 pcap 。',7,1),(421,'2015-07-09 06:27:18','233','搜狗号码通',2,'已修改 pcap 。',7,1),(422,'2015-07-10 02:20:29','235','聚划算',1,'',7,1),(423,'2015-07-10 02:22:02','236','多听FM',1,'',7,1),(424,'2015-07-13 02:50:38','237','唱吧',1,'',7,1),(425,'2015-07-13 02:52:06','238','同程旅游 ',1,'',7,1),(426,'2015-07-13 06:36:57','239','百度视频',1,'',7,1),(427,'2015-07-13 06:37:37','240','网易云音乐',1,'',7,1),(428,'2015-07-13 06:38:56','240','网易云音乐',2,'已修改 pcap 。',7,1),(429,'2015-07-13 06:39:15','239','百度视频',2,'已修改 pcap 。',7,1),(430,'2015-07-13 07:16:26','241','百度手机助手',1,'',7,1),(431,'2015-07-13 07:17:10','242','免费小说吧',1,'',7,1),(432,'2015-07-13 07:26:17','242','免费小说吧',2,'已修改 pcap 。',7,1),(433,'2015-07-13 07:26:38','241','百度手机助手',2,'已修改 pcap 。',7,1),(434,'2015-07-14 02:20:19','243','乐淘',1,'',7,1),(435,'2015-07-14 02:21:58','244','汽车报价大全',1,'',7,1),(436,'2015-07-14 02:23:42','245','懒人听书',1,'',7,1),(437,'2015-07-14 07:46:40','246','看片神器',1,'',7,1),(438,'2015-07-14 07:47:25','247','相机360',1,'',7,1),(439,'2015-07-14 07:49:24','247','相机360',2,'已修改 pcap 。',7,1),(440,'2015-07-14 07:49:43','246','看片神器',2,'已修改 pcap 。',7,1),(441,'2015-07-15 03:15:11','248','淘粉吧',1,'',7,1),(442,'2015-07-15 03:18:15','249','有货',1,'',7,1),(443,'2015-07-15 03:18:45','100','网易新闻',2,'已修改 pcap 。',7,1),(444,'2015-07-15 07:26:12','250','天天P图',1,'',7,1),(445,'2015-07-15 07:27:00','251','天天用车',1,'',7,1),(446,'2015-07-15 07:27:53','252','网易',1,'',7,1),(447,'2015-07-15 07:30:13','251','天天用车',2,'已修改 pcap 。',7,1),(448,'2015-07-15 07:30:35','250','天天P图',2,'已修改 pcap 。',7,1),(449,'2015-07-15 07:31:15','252','网易',2,'已修改 pcap 。',7,1),(450,'2015-07-16 02:18:45','253','51信用卡管家',1,'',7,1),(451,'2015-07-16 02:20:07','254','音悦台',1,'',7,1),(452,'2015-07-16 06:40:06','255','卖客疯',1,'',7,1),(453,'2015-07-16 06:40:56','256','漫画岛',1,'',7,1),(454,'2015-07-16 06:46:24','256','漫画岛',2,'已修改 pcap 。',7,1),(455,'2015-07-16 06:46:45','255','卖客疯',2,'已修改 pcap 。',7,1),(456,'2015-07-17 02:31:27','257','腾讯新闻',1,'',7,1),(457,'2015-07-17 02:32:58','258','360搜索',1,'',7,1),(458,'2015-07-17 02:34:12','259','360优化大师',1,'',7,1),(459,'2015-07-17 03:43:10','260','中国新闻网',1,'',7,1),(460,'2015-07-17 03:43:53','261','有道',1,'',7,1),(461,'2015-07-17 08:41:56','262','微视',1,'',7,1),(462,'2015-07-17 08:42:38','263','美妆相机',1,'',7,1),(463,'2015-07-17 08:45:58','263','美妆相机',2,'已修改 pcap 。',7,1),(464,'2015-07-17 08:46:32','262','微视',2,'已修改 pcap 。',7,1),(465,'2015-07-20 02:43:26','264','QQ空间',1,'',7,1),(466,'2015-07-20 02:45:46','22','网络招聘',1,'',8,1),(467,'2015-07-20 02:47:40','265','拉手',1,'',7,1),(468,'2015-07-20 02:50:07','83','交通银行',2,'已修改 pcap 。',7,1),(469,'2015-07-20 07:30:16','266','楚楚街',1,'',7,1),(470,'2015-07-20 07:32:43','267','LBE安全大师',1,'',7,1),(471,'2015-07-20 07:35:32','267','LBE安全大师',2,'已修改 pcap 。',7,1),(472,'2015-07-20 07:35:53','266','楚楚街',2,'已修改 pcap 。',7,1),(473,'2015-07-21 03:24:42','268','找对象',1,'',7,1),(474,'2015-07-21 03:25:52','269','豆瓣FM',1,'',7,1),(475,'2015-07-21 03:27:21','270','节奏大师',1,'',7,1),(476,'2015-07-22 02:34:09','271','微密',1,'',7,1),(477,'2015-07-22 02:35:20','272','随身乐队',1,'',7,1),(478,'2015-07-22 02:37:44','106','9188彩票',2,'已修改 pcap 。',7,1),(479,'2015-07-22 09:29:12','273','牛股王股票',1,'',7,1),(480,'2015-07-22 09:30:04','274','多玩盒子',1,'',7,1),(481,'2015-07-22 09:30:46','275','暴走漫画',1,'',7,1),(482,'2015-07-22 09:31:26','276','365日历',1,'',7,1),(483,'2015-07-22 09:32:21','276','365日历',2,'已修改 pcap 。',7,1),(484,'2015-07-22 09:32:44','275','暴走漫画',2,'已修改 pcap 。',7,1),(485,'2015-07-22 09:33:12','274','多玩盒子',2,'已修改 pcap 。',7,1),(486,'2015-07-22 09:33:34','273','牛股王股票',2,'已修改 pcap 。',7,1),(487,'2015-07-22 10:09:25','274','多玩盒子',2,'已修改 status 。',7,1),(488,'2015-07-23 03:04:02','70','QQ邮箱',2,'已修改 pcap 。',7,1),(489,'2015-07-23 03:05:16','277','快手看片',1,'',7,1),(490,'2015-07-23 07:02:37','278','搜狗浏览器',1,'',7,1),(491,'2015-07-23 07:03:20','279','学习宝',1,'',7,1),(492,'2015-07-23 07:06:22','279','学习宝',2,'已修改 pcap 。',7,1),(493,'2015-07-23 07:06:36','278','搜狗浏览器',2,'已修改 pcap 。',7,1),(494,'2015-07-24 03:45:31','114','百度新闻',2,'已修改 pcap 。',7,1),(495,'2015-07-24 03:46:52','280','百度贴吧',1,'',7,1),(496,'2015-07-24 03:48:16','281','水印相机',1,'',7,1),(497,'2015-07-24 07:17:50','282','随手记',1,'',7,1),(498,'2015-07-24 07:18:27','283','锁屏精灵',1,'',7,1),(499,'2015-07-24 07:20:56','283','锁屏精灵',2,'已修改 pcap 。',7,1),(500,'2015-07-24 07:21:13','282','随手记',2,'已修改 pcap 。',7,1),(501,'2015-07-27 06:08:52','284','大麦HD',1,'',7,1),(502,'2015-07-27 06:10:42','285','卡牛信用卡管家',1,'',7,1),(503,'2015-07-28 08:23:41','286','大姨妈小助手',1,'',7,1),(504,'2015-07-28 08:27:12','287','每日英语听力',1,'',7,1),(505,'2015-07-28 08:28:24','288','爱唱',1,'',7,1),(506,'2015-07-28 08:52:40','289','有缘网',1,'',7,1),(507,'2015-07-29 08:12:23','290','证券之星',1,'',7,1),(508,'2015-07-29 08:13:53','44','和讯股道',2,'已修改 pcap 。',7,1),(509,'2015-07-29 08:15:28','291','快拍二维码',1,'',7,1),(510,'2015-07-29 08:16:58','292','华夏银行',1,'',7,1),(511,'2015-07-30 03:21:33','293','百合网',1,'',7,1),(512,'2015-07-30 03:23:01','294','西祠',1,'',7,1),(513,'2015-07-30 03:24:20','295','乐商店',1,'',7,1),(514,'2015-07-30 03:25:48','296','公务员每日一题',1,'',7,1),(515,'2015-07-31 06:57:18','297','中国网事',1,'',7,1),(516,'2015-07-31 06:58:31','298','微乐',1,'',7,1),(517,'2015-07-31 07:00:00','299','世纪佳缘',1,'',7,1),(518,'2015-07-31 07:01:46','300','onefootball-足球新闻和即时比分',1,'',7,1),(519,'2015-08-03 03:46:08','301','财新目击者',1,'',7,1),(520,'2015-08-03 03:47:22','302','behance',1,'',7,1),(521,'2015-08-03 03:48:47','303','新浪财经',1,'',7,1),(522,'2015-08-03 03:50:01','304','阅读星',1,'',7,1),(523,'2015-08-04 02:31:18','305','平安天下通',1,'',7,1),(524,'2015-08-04 02:33:00','306','大街网',1,'',7,1),(525,'2015-08-04 02:34:17','307','和动漫',1,'',7,1),(526,'2015-08-04 02:36:16','308','猎豹清理大师',1,'',7,1),(527,'2015-08-05 02:47:55','309','天天酷跑',1,'',7,1),(528,'2015-08-05 02:49:15','310','中国人才热线',1,'',7,1),(529,'2015-08-05 02:50:13','311','CBOX',1,'',7,1),(530,'2015-08-05 02:50:44','103','美图秀秀',2,'已修改 pcap 。',7,1),(531,'2015-08-06 07:15:06','112','百度云网盘',2,'已修改 pcap 。',7,1),(532,'2015-08-06 07:17:11','312','58同城',1,'',7,1),(533,'2015-08-06 07:18:13','313','智联招聘',1,'',7,1),(534,'2015-08-06 07:19:23','314','金山毒霸',1,'',7,1),(535,'2015-08-07 07:33:34','111','华为网盘',2,'已修改 pcap 。',7,1),(536,'2015-08-07 07:34:47','315','中国光大银行',1,'',7,1),(537,'2015-08-07 07:36:31','316','珍爱网',1,'',7,1),(538,'2015-08-07 07:37:52','317','前程无忧',1,'',7,1),(539,'2015-08-10 08:16:02','291','快拍二维码',2,'已修改 pcap 。',7,1),(540,'2015-08-11 07:09:49','89','中国银行',2,'已修改 pcap 。',7,1),(541,'2015-08-11 07:11:19','318','优购',1,'',7,1),(542,'2015-08-11 07:12:24','319','银泰网',1,'',7,1),(543,'2015-08-12 03:34:22','320','当当网',1,'',7,1),(544,'2015-08-12 03:34:45','88','平安银行',2,'已修改 pcap 。',7,1),(545,'2015-08-12 03:35:55','321','梦芭莎',1,'',7,1),(546,'2015-08-12 08:27:27','322','nice',1,'',7,1),(547,'2015-08-12 08:28:06','323','她社区',1,'',7,1),(548,'2015-08-12 08:29:16','23','程序开发',1,'',8,1),(549,'2015-08-12 08:29:24','324','友盟',1,'',7,1),(550,'2015-08-12 08:30:12','325','wifi共享精灵',1,'',7,1),(551,'2015-08-12 08:30:56','326','淘世界',1,'',7,1),(552,'2015-08-12 08:32:44','326','淘世界',2,'已修改 pcap 。',7,1),(553,'2015-08-12 08:34:52','325','wifi共享精灵',2,'已修改 pcap 。',7,1),(554,'2015-08-12 08:35:23','324','友盟',2,'已修改 pcap 。',7,1),(555,'2015-08-12 08:36:19','323','她社区',2,'已修改 pcap 。',7,1),(556,'2015-08-12 08:36:32','322','nice',2,'已修改 pcap 。',7,1),(557,'2015-08-13 03:55:46','327','新蛋',1,'',7,1),(558,'2015-08-13 03:56:52','328','走秀网',1,'',7,1),(559,'2015-08-13 03:57:11','84','邮政银行',2,'已修改 pcap 。',7,1),(560,'2015-08-13 06:44:37','327','新蛋',2,'已修改 pcap 。',7,1),(561,'2015-08-14 03:30:51','329','高朋网',1,'',7,1),(562,'2015-08-14 03:31:50','330','易迅',1,'',7,1),(563,'2015-08-14 03:32:53','331','麦包包',1,'',7,1),(564,'2015-08-14 06:44:07','332','V店',1,'',7,1),(565,'2015-08-14 06:44:53','333','阿里巴巴',1,'',7,1),(566,'2015-08-14 07:01:37','330','易迅',2,'已修改 pcap 。',7,1),(567,'2015-08-14 08:45:15','334','阿里旺旺',1,'',7,1),(568,'2015-08-14 08:45:35','311','CBOX',2,'已修改 pcap 。',7,1),(569,'2015-08-14 08:46:00','310','中国人才热线',2,'已修改 pcap 。',7,1),(570,'2015-08-14 09:42:29','333','阿里巴巴',2,'已修改 pcap 。',7,1),(571,'2015-08-17 02:38:13','335','亚马逊',1,'',7,1),(572,'2015-08-17 02:39:00','336','拍拍网',1,'',7,1),(573,'2015-08-17 07:04:15','316','珍爱网',2,'已修改 pcap 。',7,1),(574,'2015-08-17 07:29:56','314','金山毒霸',2,'已修改 pcap 。',7,1),(575,'2015-08-17 08:40:06','309','天天酷跑',2,'已修改 pcap 。',7,1),(576,'2015-08-18 03:08:20','337','中国建设银行',1,'',7,1),(577,'2015-08-18 03:09:20','338','开心网',1,'',7,1),(578,'2015-08-18 03:11:26','339','kuwo',1,'',7,1),(579,'2015-08-18 03:12:28','340','激动网',1,'',7,1),(580,'2015-08-18 04:00:14','341','ftp',1,'',7,1),(581,'2015-08-18 04:00:51','341','ftp',2,'已修改 pcap 。',7,1),(582,'2015-08-18 06:40:14','342','58到家',1,'',7,1),(583,'2015-08-18 06:41:35','343','阿里云',1,'',7,1),(584,'2015-08-18 06:52:03','342','58到家',2,'已修改 pcap 。',7,1),(585,'2015-08-18 07:08:19','344','dhcp',1,'',7,1),(586,'2015-08-18 07:37:08','344','dhcp',2,'已修改 pcap 。',7,1),(587,'2015-08-18 09:01:25','344','dhcp',2,'已修改 pcap 。',7,1),(588,'2015-08-19 03:19:45','92','广发银行',2,'已修改 pcap 。',7,1),(589,'2015-08-19 03:20:12','91','兴业银行',2,'已修改 pcap 。',7,1),(590,'2015-08-19 03:21:37','345','天天飞车',1,'',7,1),(591,'2015-08-19 09:27:17','346','纹字锁屏',1,'',7,1),(592,'2015-08-19 09:28:18','346','纹字锁屏',2,'已修改 pcap 。',7,1),(593,'2015-08-19 09:48:37','24','数据库应用',1,'',8,1),(594,'2015-08-19 09:49:02','347','mysql',1,'',7,1),(595,'2015-08-20 03:02:40','86','中国民生银行',2,'已修改 pcap 。',7,1),(596,'2015-08-20 03:03:39','90','中信银行',2,'已修改 pcap 。',7,1),(597,'2015-08-20 03:04:54','348','大智慧',1,'',7,1),(598,'2015-08-20 06:46:15','349','脸萌',1,'',7,1),(599,'2015-08-20 06:46:57','349','脸萌',2,'已修改 pcap 。',7,1),(600,'2015-08-20 07:50:51','350','pop3',1,'',7,1),(601,'2015-08-21 03:15:51','87','浦发银行',2,'已修改 pcap 。',7,1),(602,'2015-08-21 03:16:25','82','瑞星',2,'已修改 pcap 。',7,1),(603,'2015-08-21 03:18:30','351','通达信',1,'',7,1),(604,'2015-08-21 03:19:34','352','天猫',1,'',7,1),(605,'2015-08-21 03:53:14','350','pop3',2,'已修改 pcap 。',7,1),(606,'2015-08-21 07:02:32','353','http',1,'',7,1),(607,'2015-08-21 07:04:24','4','dns',2,'已修改 pcap 。',7,1),(608,'2015-08-21 07:10:04','4','dns',2,'已修改 pcap 。',7,1),(609,'2015-08-21 07:10:23','353','http',2,'已修改 pcap 。',7,1),(610,'2015-08-21 08:13:18','212','360浏览器',2,'已修改 pcap 。',7,1),(611,'2015-08-21 09:08:13','212','360浏览器',2,'已修改 pcap 。',7,1),(612,'2015-08-24 02:17:16','354','有道词典',1,'',7,1),(613,'2015-08-24 02:18:17','355','神雕侠侣',1,'',7,1),(614,'2015-08-24 09:23:17','356','酷云',1,'',7,1),(615,'2015-08-24 09:23:59','357','蜜芽',1,'',7,1),(616,'2015-08-24 09:24:30','358','土巴兔',1,'',7,1),(617,'2015-08-24 09:25:39','358','土巴兔',2,'已修改 pcap 。',7,1),(618,'2015-08-24 09:25:54','357','蜜芽',2,'已修改 pcap 。',7,1),(619,'2015-08-24 09:26:24','356','酷云',2,'已修改 pcap 。',7,1),(620,'2015-08-25 02:36:24','313','智联招聘',2,'已修改 pcap 。',7,1),(621,'2015-08-25 02:36:52','245','懒人听书',2,'已修改 pcap 。',7,1),(622,'2015-08-25 02:40:48','359','水果忍者',1,'',7,1),(623,'2015-08-25 02:42:59','360','好123',1,'',7,1),(624,'2015-08-25 08:11:47','361','字体管家',1,'',7,1),(625,'2015-08-25 08:13:26','361','字体管家',2,'已修改 pcap 。',7,1),(626,'2015-08-26 03:07:32','362','鲁大师',1,'',7,1),(627,'2015-08-26 03:08:49','363','今日头条',1,'',7,1),(628,'2015-08-26 03:14:06','191','百度糯米',2,'已修改 pcap 。',7,1),(629,'2015-08-26 03:15:23','364','糗事百科',1,'',7,1),(630,'2015-08-26 03:17:57','365','开卷有益',1,'',7,1),(631,'2015-08-26 06:08:18','366','个推',1,'',7,1),(632,'2015-08-26 06:09:00','367','又拍云',1,'',7,1),(633,'2015-08-27 03:06:31','368','美颜相机',1,'',7,1),(634,'2015-08-27 03:06:49','103','美图秀秀',2,'已修改 pcap 。',7,1),(635,'2015-08-27 03:07:28','126','8684公交',2,'已修改 pcap 。',7,1),(636,'2015-08-27 03:08:53','369','掌中英语',1,'',7,1),(637,'2015-08-28 02:54:19','98','凤凰新闻',2,'已修改 pcap 。',7,1),(638,'2015-08-28 02:54:49','97','360彩票',2,'已修改 pcap 。',7,1),(639,'2015-08-28 02:56:16','370','猫眼电影',1,'',7,1),(640,'2015-08-28 02:56:41','184','铃声多多',2,'已修改 pcap 。',7,1),(641,'2015-08-31 07:41:39','371','爱帮公交',1,'',7,1),(642,'2015-08-31 07:43:19','372','味库',1,'',7,1),(643,'2015-08-31 07:47:54','373','开心消消乐',1,'',7,1),(644,'2015-08-31 07:49:34','161','读书巴士',2,'已修改 pcap 。',7,1),(645,'2015-09-01 02:42:07','374','小说大全',1,'',7,1),(646,'2015-09-01 02:43:51','375','布卡漫画',1,'',7,1),(647,'2015-09-01 02:45:21','376','中彩票',1,'',7,1),(648,'2015-09-01 02:46:40','377','片刻网',1,'',7,1),(649,'2015-09-02 08:28:42','378','360手机助手',1,'',7,1),(650,'2015-09-02 08:29:07','374','小说大全',2,'已修改 pcap 。',7,1),(651,'2015-09-14 02:48:09','379','虎扑',1,'',7,1),(652,'2015-09-14 06:39:50','380','亲朋游戏',1,'',7,1),(653,'2015-09-14 07:54:36','238','同程旅游 ',2,'已修改 pcap 。',7,1),(654,'2015-09-14 07:55:40','381','人人',1,'',7,1),(655,'2015-09-15 07:03:35','382','金山快盘',1,'',7,1),(656,'2015-09-16 03:33:56','383','唯品会',1,'',7,1),(657,'2015-09-16 03:34:55','384','搜房网',1,'',7,1),(658,'2015-09-16 06:51:44','335','亚马逊',2,'已修改 pcap 。',7,1),(659,'2015-09-16 06:52:15','382','金山快盘',2,'已修改 pcap 。',7,1),(660,'2015-09-16 07:21:16','187','chrome',2,'已修改 pcap 。',7,1),(661,'2015-09-17 02:19:53','317','前程无忧',2,'已修改 pcap 。',7,1),(662,'2015-09-17 02:20:23','327','新蛋',2,'已修改 pcap 。',7,1),(663,'2015-09-17 02:22:01','385','苏宁',1,'',7,1),(664,'2015-09-17 02:22:55','386','网游天下',1,'',7,1),(665,'2015-09-18 01:51:17','149','新浪微博',2,'已修改 pcap 。',7,1),(666,'2015-09-18 01:57:57','387','上品折扣',1,'',7,1),(667,'2015-09-18 01:58:45','388','美团',1,'',7,1),(668,'2015-09-18 01:59:45','389','99游戏',1,'',7,1),(669,'2015-09-21 02:02:17','320','当当网',2,'已修改 pcap 。',7,1),(670,'2015-09-21 02:02:41','151','书旗小说',2,'已修改 pcap 。',7,1),(671,'2015-09-21 02:04:12','390','美图网',1,'',7,1),(672,'2015-09-21 02:05:59','391','1号店',1,'',7,1),(673,'2015-09-21 06:44:20','392','qq',1,'',7,1),(674,'2015-09-21 06:45:17','393','pplive（pptv）',1,'',7,1),(675,'2015-09-22 03:45:46','394','sohutv',1,'',7,1),(676,'2015-09-22 03:46:06','264','QQ空间',2,'已修改 pcap 。',7,1),(677,'2015-09-22 03:46:29','6','kugou',2,'已修改 pcap 。',7,1),(678,'2015-09-22 03:47:54','395','safe360',1,'',7,1),(679,'2015-09-22 08:16:47','40','QQ餐厅',2,'已修改 pcap 。',7,1),(680,'2015-09-23 06:41:44','188','支付宝钱包',2,'已修改 pcap 。',7,1),(681,'2015-09-23 06:42:06','48','微信',2,'已修改 pcap 。',7,1),(682,'2015-09-23 06:42:29','200','爱音乐',2,'已修改 pcap 。',7,1),(683,'2015-09-23 06:44:16','396','芒果TV',1,'',7,1),(684,'2015-09-24 01:56:02','339','kuwo',2,'已修改 pcap 。',7,1),(685,'2015-09-24 01:56:21','19','xunlei',2,'已修改 pcap 。',7,1),(686,'2015-09-24 01:56:59','17','迅雷看看',2,'已修改 pcap 。',7,1),(687,'2015-09-24 01:58:19','397','sogou',1,'',7,1),(688,'2015-09-24 03:23:39','19','xunlei',2,'已修改 pcap 。',7,1),(689,'2015-09-25 03:54:35','18','梦幻西游',2,'已修改 pcap 。',7,1),(690,'2015-09-25 03:55:54','398','搜狗搜索',1,'',7,1),(691,'2015-09-25 06:24:42','399','风行',1,'',7,1),(692,'2015-09-25 06:25:29','79','ttplayer',2,'已修改 pcap 。',7,1),(693,'2015-09-28 01:53:45','47','QQ电脑管家',2,'已修改 pcap 。',7,1),(694,'2015-09-28 01:55:56','400','乐视',1,'',7,1),(695,'2015-09-28 01:56:58','401','QQ音乐',1,'',7,1),(696,'2015-09-28 01:57:46','402','腾讯公司',1,'',7,1),(697,'2015-09-28 01:58:11','402','FlashGet',2,'已修改 name 。',7,1),(698,'2015-09-28 07:58:10','402','FlashGet',2,'已修改 pcap 。',7,1),(699,'2015-09-29 02:43:46','111','华为网盘',2,'已修改 pcap 。',7,1),(700,'2015-09-29 02:44:11','314','金山毒霸',2,'已修改 pcap 。',7,1),(701,'2015-09-29 02:45:25','403','天天动听',1,'',7,1),(702,'2015-09-29 02:46:21','404','爱奇艺',1,'',7,1),(703,'2015-09-30 02:32:25','67','qqlive',2,'已修改 pcap 。',7,1),(704,'2015-09-30 02:33:37','405','土豆',1,'',7,1),(705,'2015-10-08 01:57:39','354','有道词典',2,'已修改 pcap 。',7,1),(706,'2015-10-09 03:10:06','406','优酷',1,'',7,1),(707,'2015-10-09 08:30:46','200','爱音乐',2,'已修改 pcap 。',7,1),(708,'2015-10-10 03:22:48','27','多玩YY',2,'已修改 pcap 。',7,1),(709,'2015-10-10 03:23:18','362','鲁大师',2,'已修改 pcap 。',7,1),(710,'2015-10-10 03:29:24','407','360云盘',1,'',7,1),(711,'2015-10-10 03:30:56','408','暴风影音',1,'',7,1),(712,'2015-10-10 05:52:19','362','鲁大师',2,'已修改 pcap 。',7,1),(713,'2015-10-12 02:12:07','112','百度云网盘',2,'已修改 pcap 。',7,1),(714,'2015-10-12 02:13:59','409','酷6',1,'',7,1),(715,'2015-10-12 02:14:58','410','百度影音',1,'',7,1),(716,'2015-10-12 02:16:05','57','QQ_AV',2,'已修改 pcap 。',7,1),(717,'2015-10-12 08:00:36','64','QQ_FILE',2,'已修改 pcap 。',7,1),(718,'2015-10-13 02:11:59','133','淘宝',2,'已修改 pcap 。',7,1),(719,'2015-10-13 02:12:23','383','唯品会',2,'已修改 pcap 。',7,1),(720,'2015-10-13 02:12:39','115','大众点评',2,'已修改 pcap 。',7,1),(721,'2015-10-13 02:12:59','184','铃声多多',2,'已修改 pcap 。',7,1),(722,'2015-10-14 01:31:16','27','多玩YY',2,'已修改 pcap 。',7,1),(723,'2015-10-14 02:12:02','399','风行',2,'已修改 pcap 。',7,1),(724,'2015-10-14 03:01:23','388','美团',2,'已修改 pcap 。',7,1),(725,'2015-10-14 03:01:41','209','京东商城',2,'已修改 pcap 。',7,1),(726,'2015-10-14 03:02:53','411','携程旅游',1,'',7,1),(727,'2015-10-14 03:03:33','412','滴滴打车',1,'',7,1),(728,'2015-10-14 08:50:26','401','QQ音乐',2,'已修改 pcap 。',7,1),(729,'2015-10-14 09:19:30','151','书旗小说',2,'已修改 pcap 。',7,1),(730,'2015-10-15 02:41:06','320','当当网',2,'已修改 pcap 。',7,1),(731,'2015-10-15 02:41:52','149','新浪微博',2,'已修改 pcap 。',7,1),(732,'2015-10-15 02:42:43','363','今日头条',2,'已修改 pcap 。',7,1),(733,'2015-10-15 02:44:33','413','腾讯手机管家',1,'',7,1),(734,'2015-10-16 01:59:20','394','sohutv',2,'已修改 pcap 。',7,1),(735,'2015-10-16 02:31:12','352','天猫',2,'已修改 pcap 。',7,1),(736,'2015-10-16 02:31:38','257','腾讯新闻',2,'已修改 pcap 。',7,1),(737,'2015-10-16 02:32:59','414','百度地图',1,'',7,1),(738,'2015-10-16 02:33:45','415','QQ阅读',1,'',7,1),(739,'2015-10-19 02:03:04','155','金山词霸',2,'已修改 pcap 。',7,1),(740,'2015-10-19 02:03:37','100','网易新闻',2,'已修改 pcap 。',7,1),(741,'2015-10-19 02:03:58','70','QQ邮箱',2,'已修改 pcap 。',7,1),(742,'2015-10-19 02:04:48','416','聚美优品',1,'',7,1),(743,'2015-10-19 07:51:01','417','足记',1,'',7,1),(744,'2015-10-19 07:51:36','418','哔哩哔哩动画',1,'',7,1),(745,'2015-10-19 07:52:11','419','导航犬',1,'',7,1),(746,'2015-10-19 07:53:28','419','导航犬',2,'已修改 pcap 。',7,1),(747,'2015-10-19 07:54:03','418','哔哩哔哩动画',2,'已修改 pcap 。',7,1),(748,'2015-10-19 07:54:26','417','足记',2,'已修改 pcap 。',7,1),(749,'2015-10-19 09:18:09','414','百度地图',2,'已修改 pcap 。',7,1),(750,'2015-10-20 02:15:09','132','高德地图',2,'已修改 pcap 。',7,1),(751,'2015-10-20 02:15:38','99','搜狐新闻',2,'已修改 pcap 。',7,1),(752,'2015-10-20 02:16:11','191','百度糯米',2,'已修改 pcap 。',7,1),(753,'2015-10-20 02:17:31','420','多米音乐',1,'',7,1),(754,'2015-10-21 01:46:02','103','美图秀秀',2,'已修改 pcap 。',7,1),(755,'2015-10-21 01:46:23','98','凤凰新闻',2,'已修改 pcap 。',7,1),(756,'2015-10-21 01:46:51','118','去哪儿旅行',2,'已修改 pcap 。',7,1),(757,'2015-10-21 01:47:12','183','QQ浏览器',2,'已修改 pcap 。',7,1),(758,'2015-10-21 01:47:37','94','同花顺',2,'已修改 pcap 。',7,1),(759,'2015-10-21 09:04:03','406','优酷',2,'已修改 pcap 。',7,1),(760,'2015-10-22 02:14:59','395','safe360',2,'已修改 pcap 。',7,1),(761,'2015-10-22 02:16:49','421','pipi',1,'',7,1),(762,'2015-10-22 02:18:03','422','农业银行',1,'',7,1),(763,'2015-10-22 02:18:53','423','喜马拉雅',1,'',7,1),(764,'2015-10-22 07:43:08','424','乐蜂网',1,'',7,1),(765,'2015-10-23 02:07:41','394','sohutv',2,'已修改 pcap 。',7,1),(766,'2015-10-23 02:08:18','83','交通银行',2,'已修改 pcap 。',7,1),(767,'2015-10-23 02:09:02','385','苏宁',2,'已修改 pcap 。',7,1),(768,'2015-10-23 02:09:23','5','QQ牧场',2,'已修改 pcap 。',7,1),(769,'2015-10-23 02:10:29','425','六间房',1,'',7,1),(770,'2015-10-26 02:14:33','391','1号店',2,'已修改 pcap 。',7,1),(771,'2015-10-26 02:15:07','85','招商银行',2,'已修改 pcap 。',7,1),(772,'2015-10-26 02:15:26','175','车轮考驾照',2,'已修改 pcap 。',7,1),(773,'2015-10-26 02:16:08','426','钱龙',1,'',7,1),(774,'2015-10-26 02:17:01','427','sinavideo',1,'',7,1),(775,'2015-10-27 02:25:28','337','中国建设银行',2,'已修改 pcap 。',7,1),(776,'2015-10-27 02:25:55','67','qqlive',2,'已修改 pcap 。',7,1),(777,'2015-10-27 02:26:17','122','航班管家',2,'已修改 pcap 。',7,1),(778,'2015-10-27 02:27:27','428','赶集生活',1,'',7,1),(779,'2015-10-27 02:28:15','429','窝窝团',1,'',7,1),(780,'2015-10-28 02:24:21','306','大街网',2,'已修改 pcap 。',7,1),(781,'2015-10-28 02:24:53','162','驾考宝典',2,'已修改 pcap 。',7,1),(782,'2015-10-28 02:26:07','430','塔读文学',1,'',7,1),(783,'2015-10-28 02:27:30','431','呱呱视频',1,'',7,1),(784,'2015-10-28 02:28:34','432','蘑菇街',1,'',7,1),(785,'2015-10-28 08:26:21','428','赶集生活',2,'已修改 pcap 。',7,1),(786,'2015-10-29 03:06:56','102','360新闻',2,'已修改 pcap 。',7,1),(787,'2015-10-29 03:07:50','194','今日半价',2,'已修改 pcap 。',7,1),(788,'2015-10-29 03:09:57','433','海词词典',1,'',7,1),(789,'2015-10-29 03:11:11','434','起点阅读',1,'',7,1),(790,'2015-10-29 03:12:20','435','100tv聚好看',1,'',7,1),(791,'2015-10-29 09:42:04','436','奇虎360',1,'',7,1),(792,'2015-10-30 02:32:41','172','和地图',2,'已修改 pcap 。',7,1),(793,'2015-10-30 02:33:47','130','知趣天气',2,'已修改 pcap 。',7,1),(794,'2015-10-30 02:34:47','437','美妆心得',1,'',7,1),(795,'2015-10-30 02:35:58','438','4G阅读',1,'',7,1),(796,'2015-10-30 02:37:12','439','明星衣橱',1,'',7,1),(797,'2015-10-30 07:23:33','238','同程旅游 ',2,'已修改 pcap 。',7,1),(798,'2015-11-02 02:13:13','178','360清理大师',2,'已修改 pcap 。',7,1),(799,'2015-11-02 02:13:50','166','安卓读书',2,'已修改 pcap 。',7,1),(800,'2015-11-02 02:14:08','167','GGBOOK看书',2,'已修改 pcap 。',7,1),(801,'2015-11-02 02:15:45','440','酷音铃声',1,'',7,1),(802,'2015-11-02 02:16:44','441','阿里旅行',1,'',7,1),(803,'2015-11-03 01:55:01','442','大姨吗',1,'',7,1),(804,'2015-11-03 01:56:14','443','彩虹公交',1,'',7,1),(805,'2015-11-03 01:57:31','444','和阅读',1,'',7,1),(806,'2015-11-03 01:58:41','445','美丽衣橱',1,'',7,1),(807,'2015-11-03 01:59:41','446','天翼阅读',1,'',7,1),(808,'2015-11-04 02:25:25','447','宜搜小说',1,'',7,1),(809,'2015-11-04 02:26:27','448','WiFi万能钥匙',1,'',7,1),(810,'2015-11-04 02:27:28','449','瘦瘦',1,'',7,1),(811,'2015-11-04 02:28:32','450','最美发型',1,'',7,1),(812,'2015-11-04 02:29:16','451','我查查',1,'',7,1),(813,'2015-11-05 02:18:13','287','每日英语听力',2,'已修改 pcap 。',7,1),(814,'2015-11-05 02:18:56','378','360手机助手',2,'已修改 pcap 。',7,1),(815,'2015-11-05 02:20:59','452','乐服务',1,'',7,1),(816,'2015-11-05 02:21:51','453','快读',1,'',7,1),(817,'2015-11-05 02:22:45','454','VOA每日英语',1,'',7,1),(818,'2015-11-05 03:24:45','378','360手机助手',2,'已修改 pcap 。',7,1),(819,'2015-11-05 08:11:20','455','南网',1,'',7,1),(820,'2015-11-05 08:11:46','456','字符串匹配',1,'',7,1),(821,'2015-11-06 01:15:38','378','360手机助手',2,'已修改 pcap 。',7,1),(822,'2015-11-06 02:19:55','413','腾讯手机管家',2,'已修改 pcap 。',7,1),(823,'2015-11-06 02:20:30','212','360浏览器',2,'已修改 pcap 。',7,1),(824,'2015-11-06 02:22:06','457','竞彩篮球',1,'',7,1),(825,'2015-11-06 02:22:51','458','百思不得姐',1,'',7,1),(826,'2015-11-06 02:23:41','459','go桌面',1,'',7,1),(827,'2015-11-06 06:05:32','413','腾讯手机管家',2,'已修改 pcap 。',7,1),(828,'2015-11-06 07:15:04','413','腾讯手机管家',2,'已修改 pcap 。',7,1),(829,'2015-11-09 01:53:32','458','百思不得姐',2,'已修改 pcap 。',7,1),(830,'2015-11-09 02:38:05','222','橙牛汽车管家',2,'已修改 pcap 。',7,1),(831,'2015-11-09 02:38:24','279','学习宝',2,'已修改 pcap 。',7,1),(832,'2015-11-09 02:40:43','460','金太阳',1,'',7,1),(833,'2015-11-09 02:43:41','461','天天基金网',1,'',7,1),(834,'2015-11-09 02:44:53','462','酷管家',1,'',7,1),(835,'2015-11-10 02:11:38','253','51信用卡管家',2,'已修改 pcap 。',7,1),(836,'2015-11-10 02:12:14','137','每日瑜伽',2,'已修改 pcap 。',7,1),(837,'2015-11-10 02:14:21','463','无秘',1,'',7,1),(838,'2015-11-10 02:15:39','464','易车',1,'',7,1),(839,'2015-11-10 02:16:43','465','酷秀',1,'',7,1),(840,'2015-11-10 02:58:51','244','汽车报价大全',2,'已修改 pcap 。',7,1),(841,'2015-11-11 02:11:41','136','窝牛装修',2,'已修改 pcap 。',7,1),(842,'2015-11-11 02:15:19','466','酷讯机票',1,'',7,1),(843,'2015-11-11 02:25:11','467','模拟炒股',1,'',7,1),(844,'2015-11-11 02:26:37','468','红袖添香',1,'',7,1),(845,'2015-11-11 02:28:04','469','QQ安全中心',1,'',7,1),(846,'2015-11-11 06:42:39','467','模拟炒股',2,'已修改 pcap 。',7,1),(847,'2015-11-12 01:43:52','136','窝牛装修',2,'已修改 pcap 。',7,1),(848,'2015-11-12 02:26:09','107','彩客彩票',2,'已修改 pcap 。',7,1),(849,'2015-11-12 02:31:44','470','途牛旅游',1,'',7,1),(850,'2015-11-12 02:32:59','471','小说阅读网',1,'',7,1),(851,'2015-11-12 02:34:08','472','果库',1,'',7,1),(852,'2015-11-12 02:35:25','473','非常新闻',1,'',7,1),(853,'2015-11-13 03:03:23','108','东方财富通',2,'已修改 pcap 。',7,1),(854,'2015-11-13 03:05:14','474','360桌面',1,'',7,1),(855,'2015-11-13 03:06:23','475','快手',1,'',7,1),(856,'2015-11-13 03:07:44','476','蜜淘',1,'',7,1),(857,'2015-11-13 03:08:52','477','无觅阅读',1,'',7,1),(858,'2015-11-16 02:11:11','478','豆果美食',1,'',7,1),(859,'2015-11-16 02:12:24','479','悄悄',1,'',7,1),(860,'2015-11-16 02:13:39','480','美丽搭配',1,'',7,1),(861,'2015-11-16 02:14:54','481','酷我听书',1,'',7,1),(862,'2015-11-16 02:16:21','482','返利网',1,'',7,1),(863,'2015-11-17 02:20:32','79','ttplayer',2,'已修改 pcap 。',7,1),(864,'2015-11-17 02:21:20','133','淘宝',2,'已修改 pcap 。',7,1),(865,'2015-11-17 02:29:10','483','QQ游戏',1,'',7,1),(866,'2015-11-17 02:31:01','484','豆瓣',1,'',7,1),(867,'2015-11-17 02:32:26','485','团800',1,'',7,1),(868,'2015-11-18 02:29:34','381','人人',2,'已修改 pcap 。',7,1),(869,'2015-11-18 02:31:16','486','UC浏览器',1,'',7,1),(870,'2015-11-18 02:32:29','487','掌上生活',1,'',7,1),(871,'2015-11-18 02:33:28','488','赖子游戏',1,'',7,1),(872,'2015-11-18 02:34:32','489','植物大战僵尸2 ',1,'',7,1),(873,'2015-11-19 02:23:18','373','开心消消乐',2,'已修改 pcap 。',7,1),(874,'2015-11-19 02:24:20','401','QQ音乐',2,'已修改 pcap 。',7,1),(875,'2015-11-19 02:25:08','140','联通',2,'已修改 pcap 。',7,1),(876,'2015-11-19 02:25:34','54','操盘手',2,'已修改 pcap 。',7,1),(877,'2015-11-19 02:27:04','101','新浪新闻',2,'已修改 pcap 。',7,1),(878,'2015-11-20 01:34:44','373','开心消消乐',2,'已修改 pcap 。',7,1),(879,'2015-11-20 02:29:52','490','拉勾网',1,'',7,1),(880,'2015-11-20 02:31:25','491','猎聘网',1,'',7,1),(881,'2015-11-20 02:31:50','215','虾米音乐',2,'已修改 pcap 。',7,1),(882,'2015-11-20 02:33:31','492','手机电视',1,'',7,1),(883,'2015-11-20 02:37:44','493','彩猫彩票',1,'',7,1),(884,'2015-11-20 03:03:58','455','南网',2,'已修改 pcap 。',7,1),(885,'2015-11-20 08:32:24','215','虾米音乐',2,'已修改 pcap 。',7,1),(886,'2015-11-23 02:22:07','494','百姓网',1,'',7,1),(887,'2015-11-23 02:23:16','495','薄荷减肥',1,'',7,1),(888,'2015-11-23 02:24:31','496','爱阅读',1,'',7,1),(889,'2015-11-23 02:25:50','497','纵横中文网',1,'',7,1),(890,'2015-11-23 02:27:02','498','消灭星星2粉碎糖果',1,'',7,1),(891,'2015-11-24 02:18:51','499','化妆宝典',1,'',7,1),(892,'2015-11-24 02:20:22','500','69美女直播',1,'',7,1),(893,'2015-11-24 02:21:54','501','中华英才网',1,'',7,1),(894,'2015-11-24 02:23:12','502','网上厨房',1,'',7,1),(895,'2015-11-24 02:24:29','503','潇湘书院',1,'',7,1),(896,'2015-11-25 02:14:53','143','搜狗地图',2,'已修改 pcap 。',7,1),(897,'2015-11-25 02:16:22','384','搜房网',2,'已修改 pcap 。',7,1),(898,'2015-11-25 02:18:44','504','简单网',1,'',7,1),(899,'2015-11-25 02:19:11','270','节奏大师',2,'已修改 pcap 。',7,1),(900,'2015-11-25 02:21:10','505','淘宝彩票',1,'',7,1),(901,'2015-11-26 02:08:10','404','爱奇艺',2,'已修改 pcap 。',7,1),(902,'2015-11-26 02:09:12','408','暴风影音',2,'已修改 pcap 。',7,1),(903,'2015-11-26 02:10:22','93','中国工商银行',2,'已修改 pcap 。',7,1),(904,'2015-11-26 02:12:18','506','fetion',1,'',7,1),(905,'2015-11-26 02:12:52','195','极品钢琴',2,'已修改 pcap 。',7,1),(906,'2015-11-27 02:11:05','392','qq',2,'已修改 pcap 。',7,1),(907,'2015-11-27 02:11:33','14','中信建投',2,'已修改 pcap 。',7,1),(908,'2015-11-27 02:11:57','148','腾讯微博',2,'已修改 pcap 。',7,1),(909,'2015-11-27 02:13:18','507','边锋',1,'',7,1),(910,'2015-11-27 02:14:53','508','都秀视频（E话通）',1,'',7,1),(911,'2015-11-27 02:16:13','509','我乐',1,'',7,1),(912,'2015-11-30 02:23:43','127','美柚',2,'已修改 pcap 。',7,1),(913,'2015-11-30 02:24:24','311','CBOX',2,'已修改 pcap 。',7,1),(914,'2015-11-30 02:24:56','138','天气通',2,'已修改 pcap 。',7,1),(915,'2015-11-30 02:26:52','510','腾讯地图',1,'',7,1),(916,'2015-11-30 02:29:38','511','荔枝FM',1,'',7,1),(917,'2015-12-01 03:10:19','116','高铁管家',2,'已修改 pcap 。',7,1),(918,'2015-12-01 03:10:38','171','每日美文',2,'已修改 pcap 。',7,1),(919,'2015-12-01 03:12:56','512','微店',1,'',7,1),(920,'2015-12-01 03:14:54','513','天龙八部',1,'',7,1),(921,'2015-12-01 03:29:00','168','多邻国(duolinguo)',2,'已修改 pcap 。',7,1),(922,'2015-12-02 02:41:22','48','微信',2,'已修改 pcap 。',7,1),(923,'2015-12-02 02:41:41','115','大众点评',2,'已修改 pcap 。',7,1),(924,'2015-12-02 02:42:07','117','墨迹天气',2,'已修改 pcap 。',7,1),(925,'2015-12-02 02:43:07','514','陌陌',1,'',7,1),(926,'2015-12-02 06:12:13','514','陌陌',2,'已修改 pcap 。',7,1),(927,'2015-12-04 06:43:14','196','咪咕音乐',2,'已修改 pcap 。',7,1),(928,'2015-12-04 06:43:34','177','360影视大全',2,'已修改 pcap 。',7,1),(929,'2015-12-04 06:43:57','129','铁路12306',2,'已修改 pcap 。',7,1),(930,'2015-12-04 06:44:23','197','小猿搜题',2,'已修改 pcap 。',7,1),(931,'2015-12-10 02:31:16','383','唯品会',2,'已修改 pcap 。',7,1),(932,'2015-12-10 02:32:05','470','途牛旅游',2,'已修改 pcap 。',7,1),(933,'2015-12-10 02:32:28','6','kugou',2,'已修改 pcap 。',7,1),(934,'2015-12-10 02:32:47','400','乐视',2,'已修改 pcap 。',7,1),(935,'2015-12-11 03:36:10','399','风行',2,'已修改 pcap 。',7,1),(936,'2015-12-11 03:36:30','420','多米音乐',2,'已修改 pcap 。',7,1),(937,'2015-12-11 03:36:49','16','skype',2,'已修改 pcap 。',7,1),(938,'2015-12-11 03:37:09','21','uucall',2,'已修改 pcap 。',7,1),(939,'2015-12-11 09:10:53','514','陌陌',3,'',7,1),(940,'2015-12-14 02:05:01','133','淘宝',2,'已修改 pcap 。',7,1),(941,'2015-12-14 02:05:36','180','百度',2,'已修改 pcap 。',7,1),(942,'2015-12-14 02:06:05','405','土豆',2,'已修改 pcap 。',7,1),(943,'2015-12-14 02:07:55','515','折800',1,'',7,1),(944,'2015-12-14 02:56:38','485','团800',2,'已修改 pcap 。',7,1),(945,'2015-12-14 06:20:57','133','淘宝',2,'已修改 pcap 。',7,1),(946,'2015-12-15 02:20:26','170','多看阅读',2,'已修改 pcap 。',7,1),(947,'2015-12-15 02:23:44','516','酷听听书',1,'',7,1),(948,'2015-12-15 02:24:57','517','好豆菜谱',1,'',7,1),(949,'2015-12-15 02:26:53','518','穿衣助手',1,'',7,1),(950,'2015-12-16 01:56:44','519','掌阅听书',1,'',7,1),(951,'2015-12-16 01:57:43','520','美咖相机',1,'',7,1),(952,'2015-12-16 01:58:43','521','美拍',1,'',7,1),(953,'2015-12-16 01:59:40','522','贝贝特卖',1,'',7,1),(954,'2015-12-17 01:42:26','192','氧气听书',2,'已修改 pcap 。',7,1),(955,'2015-12-17 01:42:45','286','大姨妈小助手',2,'已修改 pcap 。',7,1),(956,'2015-12-17 01:44:44','523','宝贝去哪儿',1,'',7,1),(957,'2015-12-17 01:45:52','25','自定义',1,'',8,1),(958,'2015-12-17 01:46:02','524','中国移动',1,'',7,1),(959,'2015-12-17 01:47:16','525','下厨房HD',1,'',7,1),(960,'2015-12-17 07:30:43','524','手机营业厅',2,'已修改 name，group，desc 和 corporation 。',7,1),(961,'2015-12-18 02:31:29','266','楚楚街',2,'已修改 pcap 。',7,1),(962,'2015-12-18 02:31:52','246','看片神器',2,'已修改 pcap 。',7,1),(963,'2015-12-18 02:32:28','204','考拉海购',2,'已修改 pcap 。',7,1),(964,'2015-12-18 08:20:10','526','智行火车票',1,'',7,1),(965,'2015-12-18 08:21:10','526','智行火车票',2,'已修改 pcap 。',7,1),(966,'2015-12-21 01:54:43','298','微乐',2,'已修改 pcap 。',7,1),(967,'2015-12-21 01:55:07','205','旅游攻略',2,'已修改 pcap 。',7,1),(968,'2015-12-21 06:15:41','527','借贷宝',1,'',7,1),(969,'2015-12-21 06:16:20','528','闲鱼',1,'',7,1),(970,'2015-12-21 06:18:41','528','闲鱼',2,'已修改 pcap 。',7,1),(971,'2015-12-21 06:18:58','527','借贷宝',2,'已修改 pcap 。',7,1),(972,'2015-12-22 08:34:23','529','豌豆荚',1,'',7,1),(973,'2015-12-22 08:35:03','530','中华万年历',1,'',7,1),(974,'2015-12-22 08:35:44','531','酷派应用商店',1,'',7,1),(975,'2015-12-22 08:36:34','531','酷派应用商店',2,'已修改 pcap 。',7,1),(976,'2015-12-22 08:36:52','530','中华万年历',2,'已修改 pcap 。',7,1),(977,'2015-12-22 08:37:05','529','豌豆荚',2,'已修改 pcap 。',7,1),(978,'2015-12-23 08:44:04','532','魔秀桌面',1,'',7,1),(979,'2015-12-23 08:44:48','533','安卓市场',1,'',7,1),(980,'2015-12-23 08:45:40','534','天翼空间',1,'',7,1),(981,'2015-12-23 08:46:25','535','黄历天气',1,'',7,1),(982,'2015-12-25 06:22:39','536','内涵段子',1,'',7,1),(983,'2015-12-25 06:25:27','537','全国违章查询',1,'',7,1),(984,'2015-12-25 06:26:19','538','Flipboard',1,'',7,1),(985,'2015-12-25 06:27:50','539','电信营业厅',1,'',7,1),(986,'2015-12-28 06:33:27','540','欧朋浏览器',1,'',7,1),(987,'2015-12-28 06:34:01','541','TripAdvisor',1,'',7,1),(988,'2015-12-28 06:34:40','542','中国天气通',1,'',7,1),(989,'2015-12-28 06:38:31','542','中国天气通',2,'已修改 pcap 。',7,1),(990,'2015-12-28 06:38:53','541','TripAdvisor',2,'已修改 pcap 。',7,1),(991,'2015-12-28 06:39:10','540','欧朋浏览器',2,'已修改 pcap 。',7,1),(992,'2015-12-28 06:39:35','276','365日历',2,'已修改 pcap 。',7,1),(993,'2015-12-29 07:29:17','543','九游',1,'',7,1),(994,'2015-12-29 07:30:11','544','联想日历',1,'',7,1),(995,'2015-12-29 07:38:16','545','小米桌面',1,'',7,1),(996,'2015-12-30 08:13:18','546','啪啪音乐圈',1,'',7,1),(997,'2015-12-30 08:14:04','547','应用宝',1,'',7,1),(998,'2015-12-30 08:15:00','548','小米商城',1,'',7,1),(999,'2015-12-30 08:15:47','549','绿茶浏览器',1,'',7,1),(1000,'2016-01-04 03:28:30','550','优信二手车',1,'',7,1),(1001,'2016-01-04 03:29:12','551','宝宝树孕育',1,'',7,1),(1002,'2016-01-04 03:35:57','273','牛股王股票',2,'已修改 pcap 。',7,1),(1003,'2016-01-04 03:36:23','551','宝宝树孕育',2,'已修改 pcap 。',7,1),(1004,'2016-01-04 03:36:54','550','优信二手车',2,'已修改 pcap 。',7,1),(1005,'2016-01-05 03:41:53','552','拼立得',1,'',7,1),(1006,'2016-01-05 03:42:55','553','柚子街',1,'',7,1),(1007,'2016-01-05 03:43:35','554','人人车',1,'',7,1),(1008,'2016-01-06 03:12:41','555','91桌面',1,'',7,1),(1009,'2016-01-06 03:13:31','556','京东钱包',1,'',7,1),(1010,'2016-01-06 03:14:23','557','天天快报',1,'',7,1),(1011,'2016-01-06 03:15:12','558','寺库奢侈品',1,'',7,1),(1012,'2016-01-07 03:03:51','133','淘宝',2,'已修改 pcap 。',7,1),(1013,'2016-01-07 03:04:16','48','微信',2,'已修改 pcap 。',7,1),(1014,'2016-01-07 03:05:11','392','qq',2,'已修改 pcap 。',7,1),(1015,'2016-01-07 03:08:05','397','sogou',2,'已修改 pcap 。',7,1),(1016,'2016-01-07 06:32:38','397','sogou',2,'已修改 pcap 。',7,1),(1017,'2016-01-07 06:32:56','392','qq',2,'已修改 pcap 。',7,1),(1018,'2016-01-07 06:33:43','133','淘宝',2,'已修改 pcap 。',7,1),(1019,'2016-01-07 06:58:21','133','淘宝',2,'已修改 status 。',7,1),(1020,'2016-01-08 01:59:47','404','爱奇艺',2,'已修改 pcap 。',7,1),(1021,'2016-01-08 02:00:07','188','支付宝钱包',2,'已修改 pcap 。',7,1),(1022,'2016-01-08 02:00:33','180','百度',2,'已修改 pcap 。',7,1),(1023,'2016-01-08 02:01:02','67','qqlive',2,'已修改 pcap 。',7,1),(1024,'2016-01-08 03:01:00','188','支付宝钱包',2,'已修改 pcap 。',7,1),(1025,'2016-01-08 03:29:30','67','qqlive',2,'已修改 pcap 。',7,1),(1026,'2016-01-08 06:33:39','188','支付宝钱包',2,'已修改 pcap 。',7,1),(1027,'2016-01-08 06:34:11','67','qqlive',2,'已修改 pcap 。',7,1),(1028,'2016-01-09 08:16:47','240','网易云音乐',2,'已修改 pcap 。',7,1),(1029,'2016-01-09 08:17:12','475','快手',2,'已修改 pcap 。',7,1),(1030,'2016-01-09 08:17:37','418','哔哩哔哩动画',2,'已修改 pcap 。',7,1),(1031,'2016-01-09 08:18:29','149','新浪微博',2,'已修改 pcap 。',7,1),(1032,'2016-01-11 02:10:36','112','百度云网盘',2,'已修改 pcap 。',7,1),(1033,'2016-01-11 02:11:10','274','多玩盒子',2,'已修改 pcap 。',7,1),(1034,'2016-01-11 02:11:37','405','土豆',2,'已修改 pcap 。',7,1),(1035,'2016-01-11 02:12:01','363','今日头条',2,'已修改 desc 和 pcap 。',7,1),(1036,'2016-01-11 06:29:39','226','蜻蜓FM',2,'已修改 pcap 。',7,1),(1037,'2016-01-11 06:30:02','274','多玩盒子',2,'已修改 pcap 。',7,1),(1038,'2016-01-12 03:34:54','264','QQ空间',2,'已修改 pcap 。',7,1),(1039,'2016-01-12 03:35:47','334','阿里旺旺',2,'已修改 pcap 。',7,1),(1040,'2016-01-12 03:36:21','486','UC浏览器',2,'已修改 pcap 。',7,1),(1041,'2016-01-12 03:36:54','393','pplive（pptv）',2,'已修改 pcap 。',7,1),(1042,'2016-01-12 06:46:33','486','UC浏览器',2,'已修改 pcap 。',7,1),(1043,'2016-01-12 07:45:26','334','阿里旺旺',2,'已修改 pcap 。',7,1),(1044,'2016-01-12 09:34:56','559','xy苹果手机助手',1,'Added.',7,1),(1045,'2016-01-13 02:04:44','183','QQ浏览器',2,'已修改 pcap 。',7,1),(1046,'2016-01-13 02:05:18','212','360浏览器',2,'已修改 pcap 。',7,1),(1047,'2016-01-13 02:05:41','394','sohutv',2,'已修改 pcap 。',7,1),(1048,'2016-01-13 02:06:09','257','腾讯新闻',2,'已修改 pcap 。',7,1),(1049,'2016-01-13 09:10:49','358','土巴兔',2,'已修改 pcap 。',7,1),(1050,'2016-01-14 05:42:59','560','掌上链家',1,'Added.',7,1),(1051,'2016-01-14 05:43:39','561','爱屋吉屋',1,'Added.',7,1),(1052,'2016-01-14 05:44:30','562','百度浏览器',1,'Added.',7,1),(1053,'2016-01-14 05:45:10','563','猎豹浏览器',1,'Added.',7,1),(1054,'2016-01-14 06:53:28','560','掌上链家',2,'已修改 pcap 。',7,1),(1055,'2016-01-14 07:27:31','560','掌上链家',2,'已修改 pcap 。',7,1),(1056,'2016-01-14 07:48:07','6','kugou',2,'已修改 pcap 。',7,1),(1057,'2016-01-14 07:48:26','132','高德地图',2,'已修改 pcap 。',7,1),(1058,'2016-01-14 07:48:57','401','QQ音乐',2,'已修改 pcap 。',7,1),(1059,'2016-01-15 02:19:21','6','kugou',2,'已修改 pcap 。',7,1),(1060,'2016-01-15 02:19:44','339','kuwo',2,'已修改 pcap 。',7,1),(1061,'2016-01-15 02:20:09','414','百度地图',2,'已修改 pcap 。',7,1),(1062,'2016-01-15 02:20:43','209','京东商城',2,'已修改 pcap 。',7,1),(1063,'2016-01-15 03:43:28','414','百度地图',2,'已修改 pcap 。',7,1),(1064,'2016-01-15 07:29:14','416','聚美优品',2,'已修改 pcap 。',7,1),(1065,'2016-01-15 07:29:43','98','凤凰新闻',2,'已修改 pcap 。',7,1),(1066,'2016-01-18 01:45:19','85','招商银行',2,'已修改 pcap 。',7,1),(1067,'2016-01-18 01:46:49','100','网易新闻',2,'已修改 pcap 。',7,1),(1068,'2016-01-18 01:47:21','388','美团',2,'已修改 pcap 。',7,1),(1069,'2016-01-18 01:48:35','258','360搜索',2,'已修改 pcap 。',7,1),(1070,'2016-01-18 03:42:56','510','腾讯地图',2,'已修改 pcap 。',7,1),(1071,'2016-01-18 03:43:30','115','大众点评',2,'已修改 desc 和 pcap 。',7,1),(1072,'2016-01-18 03:43:52','85','招商银行',2,'已修改 pcap 。',7,1),(1073,'2016-01-19 02:30:29','432','蘑菇街',2,'已修改 pcap 。',7,1),(1074,'2016-01-19 02:32:21','368','美颜相机',2,'已修改 pcap 。',7,1),(1075,'2016-01-19 02:32:52','422','农业银行',2,'已修改 pcap 。',7,1),(1076,'2016-01-19 02:33:29','99','搜狐新闻',2,'已修改 pcap 。',7,1),(1077,'2016-01-19 03:33:29','99','搜狐新闻',2,'已修改 pcap 。',7,1),(1078,'2016-01-19 08:18:17','317','前程无忧',2,'已修改 pcap 。',7,1),(1079,'2016-01-19 08:19:20','225','汽车之家',2,'已修改 corporation 和 pcap 。',7,1),(1080,'2016-01-19 08:19:54','306','大街网',2,'已修改 pcap 。',7,1),(1081,'2016-01-19 08:20:25','551','宝宝树孕育',2,'已修改 pcap 。',7,1),(1082,'2016-01-19 08:59:56','306','大街网',2,'已修改 pcap 。',7,1),(1083,'2016-01-20 01:59:00','220','全民K歌',2,'已修改 pcap 。',7,1),(1084,'2016-01-20 02:28:01','317','前程无忧',2,'已修改 pcap 。',7,1),(1085,'2016-01-20 02:56:27','220','全民K歌',2,'已修改 pcap 。',7,1),(1086,'2016-01-20 03:19:54','237','唱吧',2,'已修改 pcap 。',7,1),(1087,'2016-01-20 03:20:25','101','新浪新闻',2,'已修改 desc 和 pcap 。',7,1),(1088,'2016-01-20 03:20:48','515','折800',2,'已修改 pcap 。',7,1),(1089,'2016-01-20 03:21:14','143','搜狗地图',2,'已修改 pcap 。',7,1),(1090,'2016-01-21 03:28:12','299','世纪佳缘',2,'已修改 pcap 。',7,1),(1091,'2016-01-21 03:59:38','316','珍爱网',2,'已修改 pcap 。',7,1),(1092,'2016-01-21 05:47:21','162','驾考宝典',2,'已修改 pcap 。',7,1),(1093,'2016-01-21 05:53:55','175','车轮考驾照',2,'已修改 pcap 。',7,1),(1094,'2016-01-21 06:28:01','162','驾考宝典',2,'已修改 pcap 。',7,1),(1095,'2016-01-21 06:36:56','189','学霸君',2,'已修改 pcap 。',7,1),(1096,'2016-01-21 06:46:16','162','驾考宝典',2,'已修改 pcap 。',7,1),(1097,'2016-01-21 08:07:46','189','学霸君',2,'已修改 pcap 。',7,1),(1098,'2016-01-21 08:26:14','189','学霸君',2,'已修改 pcap 。',7,1),(1099,'2016-01-21 08:37:09','189','学霸君',2,'已修改 pcap 。',7,1),(1100,'2016-01-21 09:15:43','563','猎豹浏览器',2,'已修改 status 。',7,1),(1101,'2016-01-21 09:19:00','563','猎豹浏览器',2,'已修改 status 。',7,1),(1102,'2016-01-21 09:29:01','563','猎豹浏览器',2,'已修改 status 。',7,1),(1103,'2016-01-21 09:40:39','562','百度浏览器',2,'已修改 status 。',7,1),(1104,'2016-01-21 09:40:55','562','百度浏览器',2,'已修改 status 。',7,1),(1105,'2016-01-21 09:42:02','563','猎豹浏览器',2,'已修改 status 。',7,1),(1106,'2016-01-22 02:05:33','563','猎豹浏览器',2,'已修改 status 。',7,1),(1107,'2016-01-22 02:08:30','487','掌上生活',2,'已修改 pcap 。',7,1),(1108,'2016-01-22 02:09:00','191','百度糯米',2,'已修改 corporation 和 pcap 。',7,1),(1109,'2016-01-22 02:09:28','159','掌阅iReader',2,'已修改 pcap 。',7,1),(1110,'2016-01-22 02:09:38','563','猎豹浏览器',2,'已修改 status 。',7,1),(1111,'2016-01-22 03:35:42','150','有道云笔记',2,'已修改 pcap 。',7,1),(1112,'2016-01-22 03:43:50','127','美柚',2,'已修改 pcap 。',7,1),(1113,'2016-01-22 03:52:02','469','QQ安全中心',2,'已修改 pcap 。',7,1),(1114,'2016-01-22 06:05:35','469','QQ安全中心',2,'已修改 pcap 。',7,1),(1115,'2016-01-22 07:12:23','70','QQ邮箱',2,'已修改 pcap 。',7,1),(1116,'2016-01-22 07:12:45','19','xunlei',2,'已修改 pcap 。',7,1),(1117,'2016-01-22 08:08:00','413','腾讯手机管家',2,'已修改 pcap 。',7,1),(1118,'2016-01-25 01:59:41','103','美图秀秀',2,'已修改 pcap 。',7,1),(1119,'2016-01-25 02:00:02','415','QQ阅读',2,'已修改 pcap 。',7,1),(1120,'2016-01-25 02:00:41','337','中国建设银行',2,'已修改 pcap 。',7,1),(1121,'2016-01-25 05:39:38','448','WiFi万能钥匙',2,'已修改 pcap 。',7,1),(1122,'2016-01-25 05:47:09','354','有道词典',2,'已修改 pcap 。',7,1),(1123,'2016-01-25 06:24:11','413','腾讯手机管家',2,'已修改 pcap 。',7,1),(1124,'2016-01-25 09:28:28','564','115网盘',1,'Added.',7,1),(1125,'2016-01-25 09:33:01','312','58同城',2,'已修改 pcap 。',7,1),(1126,'2016-01-25 09:42:51','312','58同城',2,'已修改 pcap 。',7,1),(1127,'2016-01-26 01:59:03','250','天天P图',2,'已修改 pcap 。',7,1),(1128,'2016-01-26 01:59:26','129','铁路12306',2,'已修改 pcap 。',7,1),(1129,'2016-01-26 02:00:09','151','书旗小说',2,'已修改 desc 和 pcap 。',7,1),(1130,'2016-01-26 02:00:40','179','饿了么',2,'已修改 pcap 。',7,1),(1131,'2016-01-26 02:35:05','151','书旗小说',2,'已修改 pcap 。',7,1),(1132,'2016-01-26 03:14:38','151','书旗小说',2,'已修改 pcap 。',7,1),(1133,'2016-01-26 03:22:12','565','微盘',1,'Added.',7,1),(1134,'2016-01-26 06:34:10','117','墨迹天气',2,'已修改 desc 和 pcap 。',7,1),(1135,'2016-01-26 06:40:58','565','微盘',2,'已修改 pcap 。',7,1),(1136,'2016-01-27 02:10:55','447','宜搜小说',2,'已修改 pcap 。',7,1),(1137,'2016-01-27 02:12:58','352','天猫',2,'已修改 corporation 和 pcap 。',7,1),(1138,'2016-01-27 02:13:30','128','肯德基',2,'已修改 pcap 。',7,1),(1139,'2016-01-27 02:14:38','521','美拍',2,'已修改 pcap 。',7,1),(1140,'2016-01-27 03:24:15','352','天猫',2,'已修改 pcap 。',7,1),(1141,'2016-01-27 03:59:22','447','宜搜小说',2,'已修改 status 。',7,1),(1142,'2016-01-27 05:51:39','352','天猫',2,'已修改 pcap 。',7,1),(1143,'2016-01-27 07:00:24','423','喜马拉雅',2,'已修改 pcap 。',7,1),(1144,'2016-01-27 07:07:05','364','糗事百科',2,'已修改 pcap 。',7,1),(1145,'2016-01-28 09:09:25','411','携程旅游',2,'已修改 pcap 。',7,1),(1146,'2016-01-28 09:09:50','373','开心消消乐',2,'已修改 pcap 。',7,1),(1147,'2016-01-28 09:10:12','118','去哪儿旅行',2,'已修改 pcap 。',7,1),(1148,'2016-01-29 06:48:09','441','阿里旅行',2,'已修改 pcap 。',7,1),(1149,'2016-01-29 06:48:31','116','高铁管家',2,'已修改 pcap 。',7,1),(1150,'2016-02-01 03:06:30','178','360清理大师',2,'已修改 pcap 。',7,1),(1151,'2016-02-01 03:06:56','309','天天酷跑',2,'已修改 pcap 。',7,1),(1152,'2016-02-01 03:07:23','125','最美天气',2,'已修改 pcap 。',7,1),(1153,'2016-02-01 03:07:50','378','360手机助手',2,'已修改 pcap 。',7,1),(1154,'2016-02-01 09:04:01','566','宜搜搜索',1,'Added.',7,1),(1155,'2016-02-01 09:04:52','567','爱思助手',1,'Added.',7,1),(1156,'2016-02-01 09:05:36','568','妈妈帮',1,'Added.',7,1),(1157,'2016-02-01 09:06:18','569','妈妈圈',1,'Added.',7,1),(1158,'2016-02-01 09:07:01','570','怀孕管家',1,'Added.',7,1),(1159,'2016-02-02 05:56:20','568','妈妈帮',2,'已修改 status 。',7,1),(1160,'2016-02-02 06:27:35','569','妈妈圈',2,'已修改 status 。',7,1),(1161,'2016-02-02 06:28:24','569','妈妈圈',2,'已修改 status 。',7,1),(1162,'2016-02-17 07:36:47','571','遇见',1,'Added.',7,1),(1163,'2016-02-17 07:38:03','572','作业帮',1,'Added.',7,1),(1164,'2016-02-17 07:38:14','571','遇见',2,'没有字段被修改。',7,1),(1165,'2016-02-17 09:28:21','572','作业帮',2,'已修改 status 。',7,1),(1166,'2016-02-18 01:19:01','572','作业帮',2,'已修改 status 。',7,1),(1167,'2016-02-18 01:27:36','572','作业帮',2,'已修改 status 。',7,1),(1168,'2016-02-18 01:30:09','571','遇见',2,'已修改 status 。',7,1),(1169,'2016-02-18 01:31:38','572','作业帮',2,'已修改 status 。',7,1),(1170,'2016-02-18 01:31:47','572','作业帮',2,'已修改 status 。',7,1),(1171,'2016-02-18 01:32:00','572','作业帮',2,'已修改 status 。',7,1),(1172,'2016-02-18 01:49:28','573','百词斩',1,'Added.',7,1),(1173,'2016-02-18 07:23:01','574','美团外卖',1,'Added.',7,1),(1174,'2016-02-18 07:23:37','575','口碑外卖',1,'Added.',7,1),(1175,'2016-02-18 07:24:11','576','百度外卖',1,'Added.',7,1),(1176,'2016-02-18 07:24:58','577','必应',1,'Added.',7,1),(1177,'2016-02-18 07:27:36','577','必应',2,'已修改 pcap 。',7,1),(1178,'2016-02-18 07:27:54','576','百度外卖',2,'已修改 pcap 。',7,1),(1179,'2016-02-18 07:28:14','575','口碑外卖',2,'已修改 pcap 。',7,1),(1180,'2016-02-18 07:28:34','574','美团外卖',2,'已修改 pcap 。',7,1),(1181,'2016-02-19 02:45:47','125','最美天气',2,'已修改 pcap 。',7,1),(1182,'2016-02-19 02:46:16','241','百度手机助手',2,'已修改 pcap 。',7,1),(1183,'2016-02-19 02:46:35','515','折800',2,'已修改 pcap 。',7,1),(1184,'2016-02-19 02:46:54','485','团800',2,'已修改 pcap 。',7,1),(1185,'2016-02-19 03:09:19','125','最美天气',2,'已修改 status 。',7,1),(1186,'2016-02-19 05:50:55','241','百度手机助手',2,'已修改 status 。',7,1),(1187,'2016-02-19 07:52:02','578','天天爱消除',1,'Added.',7,1),(1188,'2016-02-19 08:15:07','395','safe360',2,'已修改 pcap 。',7,1),(1189,'2016-02-22 02:39:12','314','金山毒霸',2,'已修改 pcap 。',7,1),(1190,'2016-02-22 03:49:01','567','爱思助手',2,'已修改 status 。',7,1),(1191,'2016-02-22 05:54:21','579','触宝输入法',1,'Added.',7,1),(1192,'2016-02-22 05:55:30','580','百度输入法',1,'Added.',7,1),(1193,'2016-02-22 05:56:42','581','华为应用市场',1,'Added.',7,1),(1194,'2016-02-22 05:59:25','581','华为应用市场',2,'已修改 status 。',7,1),(1195,'2016-02-22 06:13:05','565','微盘',2,'已修改 status 。',7,1),(1196,'2016-02-22 06:16:06','565','微盘',2,'已修改 status 。',7,1),(1197,'2016-02-22 08:25:51','442','大姨吗',2,'已修改 pcap 。',7,1),(1198,'2016-02-23 01:33:43','582','网易邮箱',1,'Added.',7,1),(1199,'2016-02-23 07:00:39','245','懒人听书',2,'已修改 pcap 。',7,1),(1200,'2016-02-23 07:01:40','583','平安好医生',1,'Added.',7,1),(1201,'2016-02-23 07:02:33','584','宝宝知道',1,'Added.',7,1),(1202,'2016-02-23 07:03:26','585','乐动力',1,'Added.',7,1),(1203,'2016-02-23 07:04:14','586','WPS',1,'Added.',7,1),(1204,'2016-02-23 08:47:19','585','乐动力',2,'已修改 pcap 。',7,1),(1205,'2016-02-23 09:14:53','585','乐动力',2,'已修改 pcap 。',7,1),(1206,'2016-02-23 09:36:47','585','乐动力',2,'已修改 pcap 。',7,1),(1207,'2016-02-24 05:53:03','568','妈妈帮',2,'已修改 pcap 。',7,1),(1208,'2016-02-24 06:51:30','587','百度卫士',1,'Added.',7,1),(1209,'2016-02-24 07:40:23','587','百度卫士',2,'已修改 pcap 。',7,1),(1210,'2016-02-24 07:40:59','588','QQ同步助手',1,'Added.',7,1),(1211,'2016-02-24 07:41:36','589','欢乐斗地主',1,'Added.',7,1),(1212,'2016-02-24 07:42:14','590','万年历',1,'Added.',7,1),(1213,'2016-02-24 07:43:08','591','QQ输入法',1,'Added.',7,1),(1214,'2016-02-24 07:44:03','592','千牛',1,'Added.',7,1),(1215,'2016-02-24 08:22:05','587','百度卫士',2,'已修改 pcap 。',7,1),(1216,'2016-02-24 08:36:45','592','千牛',2,'已修改 pcap 。',7,1),(1217,'2016-02-24 08:47:04','588','QQ同步助手',2,'已修改 pcap 。',7,1),(1218,'2016-02-24 09:00:26','592','千牛',2,'已修改 pcap 。',7,1),(1219,'2016-02-25 01:56:29','592','千牛',2,'已修改 pcap 。',7,1),(1220,'2016-02-25 02:37:14','592','千牛',2,'已修改 pcap 。',7,1),(1221,'2016-02-25 02:37:26','590','万年历',2,'已修改 pcap 。',7,1),(1222,'2016-02-25 02:37:40','588','QQ同步助手',2,'已修改 pcap 。',7,1),(1223,'2016-02-25 02:37:56','587','百度卫士',2,'已修改 pcap 。',7,1),(1224,'2016-02-25 06:39:50','592','千牛',2,'已修改 pcap 。',7,1),(1225,'2016-02-25 06:40:07','590','万年历',2,'已修改 pcap 。',7,1),(1226,'2016-02-25 06:40:22','588','QQ同步助手',2,'已修改 pcap 。',7,1),(1227,'2016-02-25 08:13:08','592','千牛',2,'已修改 pcap 。',7,1),(1228,'2016-02-25 08:13:32','588','QQ同步助手',2,'已修改 pcap 。',7,1),(1229,'2016-02-25 08:58:12','588','QQ同步助手',2,'已修改 pcap 。',7,1),(1230,'2016-02-26 02:03:14','572','作业帮',2,'已修改 pcap 。',7,1),(1231,'2016-02-26 02:12:09','220','全民K歌',2,'已修改 pcap 。',7,1),(1232,'2016-02-26 02:12:34','189','学霸君',2,'已修改 pcap 。',7,1),(1233,'2016-02-26 02:12:53','316','珍爱网',2,'已修改 pcap 。',7,1),(1234,'2016-02-26 03:01:20','220','全民K歌',2,'已修改 pcap 。',7,1),(1235,'2016-02-26 03:10:08','220','全民K歌',2,'已修改 pcap 。',7,1),(1236,'2016-02-26 06:05:19','572','作业帮',2,'已修改 status 。',7,1),(1237,'2016-02-26 06:37:46','189','学霸君',2,'已修改 pcap 。',7,1),(1238,'2016-02-26 06:38:58','316','珍爱网',2,'已修改 pcap 。',7,1),(1239,'2016-02-26 06:39:25','220','全民K歌',2,'已修改 pcap 。',7,1),(1240,'2016-02-26 07:11:38','572','作业帮',2,'已修改 pcap 。',7,1),(1241,'2016-02-29 02:12:12','407','360云盘',2,'已修改 pcap 。',7,1),(1242,'2016-02-29 02:13:40','593','微云',1,'Added.',7,1),(1243,'2016-02-29 02:14:05','162','驾考宝典',2,'已修改 pcap 。',7,1),(1244,'2016-02-29 02:39:53','593','微云',2,'已修改 pcap 。',7,1),(1245,'2016-02-29 05:56:24','593','微云',2,'已修改 pcap 。',7,1),(1246,'2016-02-29 06:38:54','593','微云',2,'已修改 pcap 。',7,1),(1247,'2016-02-29 06:39:16','162','驾考宝典',2,'已修改 pcap 。',7,1),(1248,'2016-02-29 06:39:37','447','宜搜小说',2,'已修改 pcap 。',7,1),(1249,'2016-03-01 03:01:52','116','高铁管家',2,'已修改 pcap 。',7,1),(1250,'2016-03-01 03:02:14','441','阿里旅行',2,'已修改 pcap 。',7,1),(1251,'2016-03-01 03:02:59','565','微盘',2,'已修改 pcap 。',7,1),(1252,'2016-03-01 03:34:15','441','阿里旅行',2,'已修改 pcap 。',7,1);

/*Table structure for table `django_content_type` */

DROP TABLE IF EXISTS `django_content_type`;

CREATE TABLE `django_content_type` (
  `id` int(11) NOT NULL AUTO_INCREMENT,
  `app_label` varchar(100) NOT NULL,
  `model` varchar(100) NOT NULL,
  PRIMARY KEY (`id`),
  UNIQUE KEY `django_content_type_app_label_2480faf326f9b82d_uniq` (`app_label`,`model`)
) ENGINE=InnoDB AUTO_INCREMENT=9 DEFAULT CHARSET=utf8;

/*Data for the table `django_content_type` */

insert  into `django_content_type`(`id`,`app_label`,`model`) values (1,'admin','logentry'),(8,'app','groups'),(7,'app','pro_info'),(3,'auth','group'),(2,'auth','permission'),(4,'auth','user'),(5,'contenttypes','contenttype'),(6,'sessions','session');

/*Table structure for table `django_migrations` */

DROP TABLE IF EXISTS `django_migrations`;

CREATE TABLE `django_migrations` (
  `id` int(11) NOT NULL AUTO_INCREMENT,
  `app` varchar(255) NOT NULL,
  `name` varchar(255) NOT NULL,
  `applied` datetime NOT NULL,
  PRIMARY KEY (`id`)
) ENGINE=InnoDB AUTO_INCREMENT=13 DEFAULT CHARSET=utf8;

/*Data for the table `django_migrations` */

insert  into `django_migrations`(`id`,`app`,`name`,`applied`) values (1,'contenttypes','0001_initial','2015-03-05 01:36:40'),(2,'auth','0001_initial','2015-03-05 01:36:42'),(3,'admin','0001_initial','2015-03-05 01:36:43'),(4,'sessions','0001_initial','2015-03-05 01:36:43'),(5,'admin','0002_logentry_remove_auto_add','2016-01-07 06:38:33'),(6,'contenttypes','0002_remove_content_type_name','2016-01-07 06:38:33'),(7,'auth','0002_alter_permission_name_max_length','2016-01-07 06:38:33'),(8,'auth','0003_alter_user_email_max_length','2016-01-07 06:38:33'),(9,'auth','0004_alter_user_username_opts','2016-01-07 06:38:33'),(10,'auth','0005_alter_user_last_login_null','2016-01-07 06:38:34'),(11,'auth','0006_require_contenttypes_0002','2016-01-07 06:38:34'),(12,'auth','0007_alter_validators_add_error_messages','2016-01-07 06:38:34');

/*Table structure for table `django_session` */

DROP TABLE IF EXISTS `django_session`;

CREATE TABLE `django_session` (
  `session_key` varchar(40) NOT NULL,
  `session_data` longtext NOT NULL,
  `expire_date` datetime NOT NULL,
  PRIMARY KEY (`session_key`),
  KEY `django_session_de54fa62` (`expire_date`)
) ENGINE=InnoDB DEFAULT CHARSET=utf8;

/*Data for the table `django_session` */

insert  into `django_session`(`session_key`,`session_data`,`expire_date`) values ('08g91jnt2rzb8a16o5t0tpp8harahs4q','YmZiZWUzNWIyNzY1YWQ1OWMyMDJhZmVlOTMzN2E0MzEwOWZkOWU4Yjp7Il9hdXRoX3VzZXJfaGFzaCI6ImE0OTNiNGJiZjU1MDk4ZWFiOThmZjVmY2ExZTQyM2Q1ODMwMTE5MWYiLCJfYXV0aF91c2VyX2lkIjoxLCJfYXV0aF91c2VyX2JhY2tlbmQiOiJkamFuZ28uY29udHJpYi5hdXRoLmJhY2tlbmRzLk1vZGVsQmFja2VuZCJ9','2015-09-25 01:24:40'),('15qavi51pw5mgeaywclt1aql4q7253nb','YTVmNzcxNDFmM2U2MjhiY2JkNjViMDZkMDUwNzUyZGE1OTkxNTg0Njp7Il9hdXRoX3VzZXJfYmFja2VuZCI6ImRqYW5nby5jb250cmliLmF1dGguYmFja2VuZHMuTW9kZWxCYWNrZW5kIiwiX2F1dGhfdXNlcl9oYXNoIjoiYTQ5M2I0YmJmNTUwOThlYWI5OGZmNWZjYTFlNDIzZDU4MzAxMTkxZiIsIl9hdXRoX3VzZXJfaWQiOjF9','2015-05-11 06:40:10'),('23qv0ie2q7nxb6a0aitbvcvxomp34ii7','OTllMDBhMjVjMWExNGE3MDc1ZTU1ZmFjZGExY2ZkMzcwZWIyNzYyYTp7Il9hdXRoX3VzZXJfaWQiOjEsIl9hdXRoX3VzZXJfaGFzaCI6ImE0OTNiNGJiZjU1MDk4ZWFiOThmZjVmY2ExZTQyM2Q1ODMwMTE5MWYiLCJfYXV0aF91c2VyX2JhY2tlbmQiOiJkamFuZ28uY29udHJpYi5hdXRoLmJhY2tlbmRzLk1vZGVsQmFja2VuZCJ9','2015-05-28 06:13:00'),('2hgrsaoqagb3eknpx8i3jx9iu74bolgo','OTllMDBhMjVjMWExNGE3MDc1ZTU1ZmFjZGExY2ZkMzcwZWIyNzYyYTp7Il9hdXRoX3VzZXJfaWQiOjEsIl9hdXRoX3VzZXJfaGFzaCI6ImE0OTNiNGJiZjU1MDk4ZWFiOThmZjVmY2ExZTQyM2Q1ODMwMTE5MWYiLCJfYXV0aF91c2VyX2JhY2tlbmQiOiJkamFuZ28uY29udHJpYi5hdXRoLmJhY2tlbmRzLk1vZGVsQmFja2VuZCJ9','2015-07-28 02:34:01'),('397p9df6kf0xzt7ttlt3qm6mnh7istd9','OTllMDBhMjVjMWExNGE3MDc1ZTU1ZmFjZGExY2ZkMzcwZWIyNzYyYTp7Il9hdXRoX3VzZXJfaWQiOjEsIl9hdXRoX3VzZXJfaGFzaCI6ImE0OTNiNGJiZjU1MDk4ZWFiOThmZjVmY2ExZTQyM2Q1ODMwMTE5MWYiLCJfYXV0aF91c2VyX2JhY2tlbmQiOiJkamFuZ28uY29udHJpYi5hdXRoLmJhY2tlbmRzLk1vZGVsQmFja2VuZCJ9','2016-01-06 08:26:48'),('3ftwc0tuojv1qrbzjccpeux8z1n9xn22','YmZiZWUzNWIyNzY1YWQ1OWMyMDJhZmVlOTMzN2E0MzEwOWZkOWU4Yjp7Il9hdXRoX3VzZXJfaGFzaCI6ImE0OTNiNGJiZjU1MDk4ZWFiOThmZjVmY2ExZTQyM2Q1ODMwMTE5MWYiLCJfYXV0aF91c2VyX2lkIjoxLCJfYXV0aF91c2VyX2JhY2tlbmQiOiJkamFuZ28uY29udHJpYi5hdXRoLmJhY2tlbmRzLk1vZGVsQmFja2VuZCJ9','2015-09-22 08:52:10'),('5b52673meb4ivv1msbzvw4eq8p62msuy','YmZiZWUzNWIyNzY1YWQ1OWMyMDJhZmVlOTMzN2E0MzEwOWZkOWU4Yjp7Il9hdXRoX3VzZXJfaGFzaCI6ImE0OTNiNGJiZjU1MDk4ZWFiOThmZjVmY2ExZTQyM2Q1ODMwMTE5MWYiLCJfYXV0aF91c2VyX2lkIjoxLCJfYXV0aF91c2VyX2JhY2tlbmQiOiJkamFuZ28uY29udHJpYi5hdXRoLmJhY2tlbmRzLk1vZGVsQmFja2VuZCJ9','2015-10-09 03:53:37'),('5orkjaliyke260wkaw764g59br2gxmz6','YTRjY2NjZjI4NTg5MDA5YjI2ZjFjYTE2NGI4YjZlODA3YmIwNzFhYTp7Il9hdXRoX3VzZXJfaGFzaCI6ImE0OTNiNGJiZjU1MDk4ZWFiOThmZjVmY2ExZTQyM2Q1ODMwMTE5MWYiLCJfYXV0aF91c2VyX2JhY2tlbmQiOiJkamFuZ28uY29udHJpYi5hdXRoLmJhY2tlbmRzLk1vZGVsQmFja2VuZCIsIl9hdXRoX3VzZXJfaWQiOjF9','2015-10-28 07:32:27'),('5rl63iwf7mshurgyro3puwpbbrvijrrp','OTllMDBhMjVjMWExNGE3MDc1ZTU1ZmFjZGExY2ZkMzcwZWIyNzYyYTp7Il9hdXRoX3VzZXJfaWQiOjEsIl9hdXRoX3VzZXJfaGFzaCI6ImE0OTNiNGJiZjU1MDk4ZWFiOThmZjVmY2ExZTQyM2Q1ODMwMTE5MWYiLCJfYXV0aF91c2VyX2JhY2tlbmQiOiJkamFuZ28uY29udHJpYi5hdXRoLmJhY2tlbmRzLk1vZGVsQmFja2VuZCJ9','2015-08-04 03:23:16'),('65z50dr1whdjdnmpgltvmv3kg9k7n1c3','YTRjY2NjZjI4NTg5MDA5YjI2ZjFjYTE2NGI4YjZlODA3YmIwNzFhYTp7Il9hdXRoX3VzZXJfaGFzaCI6ImE0OTNiNGJiZjU1MDk4ZWFiOThmZjVmY2ExZTQyM2Q1ODMwMTE5MWYiLCJfYXV0aF91c2VyX2JhY2tlbmQiOiJkamFuZ28uY29udHJpYi5hdXRoLmJhY2tlbmRzLk1vZGVsQmFja2VuZCIsIl9hdXRoX3VzZXJfaWQiOjF9','2015-11-23 02:07:38'),('6c960de94lrpaiwuglh2yze7iauv6kv8','OTllMDBhMjVjMWExNGE3MDc1ZTU1ZmFjZGExY2ZkMzcwZWIyNzYyYTp7Il9hdXRoX3VzZXJfaWQiOjEsIl9hdXRoX3VzZXJfaGFzaCI6ImE0OTNiNGJiZjU1MDk4ZWFiOThmZjVmY2ExZTQyM2Q1ODMwMTE5MWYiLCJfYXV0aF91c2VyX2JhY2tlbmQiOiJkamFuZ28uY29udHJpYi5hdXRoLmJhY2tlbmRzLk1vZGVsQmFja2VuZCJ9','2015-12-18 09:15:50'),('6f9xuobbwyly67v2r9c4txo4mv3857jl','MzIwY2NkY2Y0ZDQxNmNhNTFiZjkyNGY1ZWJiZmJlYmFlYzFmN2ExNjp7Il9hdXRoX3VzZXJfaGFzaCI6IjE3YTA5YzE5NGY5NjBmNzBiNmQ1M2QxZGY2ODAxMTdiMDQzZWNhZDgiLCJfYXV0aF91c2VyX2lkIjoiMSIsIl9hdXRoX3VzZXJfYmFja2VuZCI6ImRqYW5nby5jb250cmliLmF1dGguYmFja2VuZHMuTW9kZWxCYWNrZW5kIn0=','2016-03-02 09:28:02'),('6kalr94n8zzasee4v02pn5fh9ph9zrbq','OTllMDBhMjVjMWExNGE3MDc1ZTU1ZmFjZGExY2ZkMzcwZWIyNzYyYTp7Il9hdXRoX3VzZXJfaWQiOjEsIl9hdXRoX3VzZXJfaGFzaCI6ImE0OTNiNGJiZjU1MDk4ZWFiOThmZjVmY2ExZTQyM2Q1ODMwMTE5MWYiLCJfYXV0aF91c2VyX2JhY2tlbmQiOiJkamFuZ28uY29udHJpYi5hdXRoLmJhY2tlbmRzLk1vZGVsQmFja2VuZCJ9','2015-05-28 03:18:51'),('6l2ru6ayp2miio08cil0i0yk3pq3jqax','OTllMDBhMjVjMWExNGE3MDc1ZTU1ZmFjZGExY2ZkMzcwZWIyNzYyYTp7Il9hdXRoX3VzZXJfaWQiOjEsIl9hdXRoX3VzZXJfaGFzaCI6ImE0OTNiNGJiZjU1MDk4ZWFiOThmZjVmY2ExZTQyM2Q1ODMwMTE5MWYiLCJfYXV0aF91c2VyX2JhY2tlbmQiOiJkamFuZ28uY29udHJpYi5hdXRoLmJhY2tlbmRzLk1vZGVsQmFja2VuZCJ9','2015-06-10 08:59:34'),('7vp8iu9efsxduvo4qstou1cg2pgfo7jh','YWQzMWZjNzQ5YTdmOTkyZjYyM2QyMDNjMmM1ZjVlMzJjMDI3NGJjMDp7Il9hdXRoX3VzZXJfYmFja2VuZCI6ImRqYW5nby5jb250cmliLmF1dGguYmFja2VuZHMuTW9kZWxCYWNrZW5kIiwiX2F1dGhfdXNlcl9pZCI6MSwiX2F1dGhfdXNlcl9oYXNoIjoiYTQ5M2I0YmJmNTUwOThlYWI5OGZmNWZjYTFlNDIzZDU4MzAxMTkxZiJ9','2015-11-20 06:43:46'),('8l4qfuvtdpafbhcacopz1ge893pucjoo','OTllMDBhMjVjMWExNGE3MDc1ZTU1ZmFjZGExY2ZkMzcwZWIyNzYyYTp7Il9hdXRoX3VzZXJfaWQiOjEsIl9hdXRoX3VzZXJfaGFzaCI6ImE0OTNiNGJiZjU1MDk4ZWFiOThmZjVmY2ExZTQyM2Q1ODMwMTE5MWYiLCJfYXV0aF91c2VyX2JhY2tlbmQiOiJkamFuZ28uY29udHJpYi5hdXRoLmJhY2tlbmRzLk1vZGVsQmFja2VuZCJ9','2015-07-07 02:41:08'),('8yvmijovprj1d300qakduhomda0aub1x','OTllMDBhMjVjMWExNGE3MDc1ZTU1ZmFjZGExY2ZkMzcwZWIyNzYyYTp7Il9hdXRoX3VzZXJfaWQiOjEsIl9hdXRoX3VzZXJfaGFzaCI6ImE0OTNiNGJiZjU1MDk4ZWFiOThmZjVmY2ExZTQyM2Q1ODMwMTE5MWYiLCJfYXV0aF91c2VyX2JhY2tlbmQiOiJkamFuZ28uY29udHJpYi5hdXRoLmJhY2tlbmRzLk1vZGVsQmFja2VuZCJ9','2015-05-20 07:08:49'),('9c8kxh1z8x7flo4j8yydho8rizb8npxe','YzdkYjEwZDc4YmNlNjg0MzM1NDc4NjNjYjMyM2QzOWViNDBjMmMxNDp7Il9hdXRoX3VzZXJfaWQiOjEsIl9hdXRoX3VzZXJfYmFja2VuZCI6ImRqYW5nby5jb250cmliLmF1dGguYmFja2VuZHMuTW9kZWxCYWNrZW5kIiwiX2F1dGhfdXNlcl9oYXNoIjoiYTQ5M2I0YmJmNTUwOThlYWI5OGZmNWZjYTFlNDIzZDU4MzAxMTkxZiJ9','2015-03-19 08:52:08'),('9dxuy64tcf1w5wu4tgxxnhm1vc5rrsom','YzdkYjEwZDc4YmNlNjg0MzM1NDc4NjNjYjMyM2QzOWViNDBjMmMxNDp7Il9hdXRoX3VzZXJfaWQiOjEsIl9hdXRoX3VzZXJfYmFja2VuZCI6ImRqYW5nby5jb250cmliLmF1dGguYmFja2VuZHMuTW9kZWxCYWNrZW5kIiwiX2F1dGhfdXNlcl9oYXNoIjoiYTQ5M2I0YmJmNTUwOThlYWI5OGZmNWZjYTFlNDIzZDU4MzAxMTkxZiJ9','2015-08-19 02:46:51'),('9m4ctk81fx6a43b0s1lrapk301gd27mf','OTllMDBhMjVjMWExNGE3MDc1ZTU1ZmFjZGExY2ZkMzcwZWIyNzYyYTp7Il9hdXRoX3VzZXJfaWQiOjEsIl9hdXRoX3VzZXJfaGFzaCI6ImE0OTNiNGJiZjU1MDk4ZWFiOThmZjVmY2ExZTQyM2Q1ODMwMTE5MWYiLCJfYXV0aF91c2VyX2JhY2tlbmQiOiJkamFuZ28uY29udHJpYi5hdXRoLmJhY2tlbmRzLk1vZGVsQmFja2VuZCJ9','2015-12-04 07:50:29'),('bx3jiiw0ycc80qlxkssv2mdw7x9sb250','OTllMDBhMjVjMWExNGE3MDc1ZTU1ZmFjZGExY2ZkMzcwZWIyNzYyYTp7Il9hdXRoX3VzZXJfaWQiOjEsIl9hdXRoX3VzZXJfaGFzaCI6ImE0OTNiNGJiZjU1MDk4ZWFiOThmZjVmY2ExZTQyM2Q1ODMwMTE5MWYiLCJfYXV0aF91c2VyX2JhY2tlbmQiOiJkamFuZ28uY29udHJpYi5hdXRoLmJhY2tlbmRzLk1vZGVsQmFja2VuZCJ9','2015-06-01 00:57:50'),('cfctszdduetdflxhbziufwzz5an0dozs','Njc2OTQ5Yzg1MDIxYTQ5NmQ2ZDUwZDk3NzI2MDNlYmEzYWU1NDA3MTp7Il9hdXRoX3VzZXJfaWQiOiIxIiwiX2F1dGhfdXNlcl9iYWNrZW5kIjoiZGphbmdvLmNvbnRyaWIuYXV0aC5iYWNrZW5kcy5Nb2RlbEJhY2tlbmQiLCJfYXV0aF91c2VyX2hhc2giOiIxN2EwOWMxOTRmOTYwZjcwYjZkNTNkMWRmNjgwMTE3YjA0M2VjYWQ4In0=','2016-03-03 07:27:03'),('d2dceof29mi1btj4rpaojcwqjldnkr9k','YTVmNzcxNDFmM2U2MjhiY2JkNjViMDZkMDUwNzUyZGE1OTkxNTg0Njp7Il9hdXRoX3VzZXJfYmFja2VuZCI6ImRqYW5nby5jb250cmliLmF1dGguYmFja2VuZHMuTW9kZWxCYWNrZW5kIiwiX2F1dGhfdXNlcl9oYXNoIjoiYTQ5M2I0YmJmNTUwOThlYWI5OGZmNWZjYTFlNDIzZDU4MzAxMTkxZiIsIl9hdXRoX3VzZXJfaWQiOjF9','2015-11-09 02:06:54'),('ddkqtxo6jisux68go77osuq7x0brv3b9','MjEyOWJjZGE2OTBlZTY3MDlmM2NjZjUyMzVlZDRmODhmM2QwZWQwZjp7Il9hdXRoX3VzZXJfaWQiOiIxIiwiX2F1dGhfdXNlcl9oYXNoIjoiMTdhMDljMTk0Zjk2MGY3MGI2ZDUzZDFkZjY4MDExN2IwNDNlY2FkOCIsIl9hdXRoX3VzZXJfYmFja2VuZCI6ImRqYW5nby5jb250cmliLmF1dGguYmFja2VuZHMuTW9kZWxCYWNrZW5kIn0=','2016-02-04 08:07:19'),('drh40yghhvyw62qyr26r48jn84c7k8hx','OTllMDBhMjVjMWExNGE3MDc1ZTU1ZmFjZGExY2ZkMzcwZWIyNzYyYTp7Il9hdXRoX3VzZXJfaWQiOjEsIl9hdXRoX3VzZXJfaGFzaCI6ImE0OTNiNGJiZjU1MDk4ZWFiOThmZjVmY2ExZTQyM2Q1ODMwMTE5MWYiLCJfYXV0aF91c2VyX2JhY2tlbmQiOiJkamFuZ28uY29udHJpYi5hdXRoLmJhY2tlbmRzLk1vZGVsQmFja2VuZCJ9','2015-04-08 09:25:12'),('dti2s0kb6uxfbdhsqg6t0ta45m47s15k','OTllMDBhMjVjMWExNGE3MDc1ZTU1ZmFjZGExY2ZkMzcwZWIyNzYyYTp7Il9hdXRoX3VzZXJfaWQiOjEsIl9hdXRoX3VzZXJfaGFzaCI6ImE0OTNiNGJiZjU1MDk4ZWFiOThmZjVmY2ExZTQyM2Q1ODMwMTE5MWYiLCJfYXV0aF91c2VyX2JhY2tlbmQiOiJkamFuZ28uY29udHJpYi5hdXRoLmJhY2tlbmRzLk1vZGVsQmFja2VuZCJ9','2015-07-27 06:09:39'),('e2lh62ylg234dcb6jg7m37swdd92ah0b','YmZiZWUzNWIyNzY1YWQ1OWMyMDJhZmVlOTMzN2E0MzEwOWZkOWU4Yjp7Il9hdXRoX3VzZXJfaGFzaCI6ImE0OTNiNGJiZjU1MDk4ZWFiOThmZjVmY2ExZTQyM2Q1ODMwMTE5MWYiLCJfYXV0aF91c2VyX2lkIjoxLCJfYXV0aF91c2VyX2JhY2tlbmQiOiJkamFuZ28uY29udHJpYi5hdXRoLmJhY2tlbmRzLk1vZGVsQmFja2VuZCJ9','2015-04-14 07:05:38'),('fdwch2gkbh34nfhxb68irgtiqadlu9kh','YzdkYjEwZDc4YmNlNjg0MzM1NDc4NjNjYjMyM2QzOWViNDBjMmMxNDp7Il9hdXRoX3VzZXJfaWQiOjEsIl9hdXRoX3VzZXJfYmFja2VuZCI6ImRqYW5nby5jb250cmliLmF1dGguYmFja2VuZHMuTW9kZWxCYWNrZW5kIiwiX2F1dGhfdXNlcl9oYXNoIjoiYTQ5M2I0YmJmNTUwOThlYWI5OGZmNWZjYTFlNDIzZDU4MzAxMTkxZiJ9','2015-08-20 09:45:27'),('g68y5isfgxkkbfrs3lorli6lyfu9husj','YTRjY2NjZjI4NTg5MDA5YjI2ZjFjYTE2NGI4YjZlODA3YmIwNzFhYTp7Il9hdXRoX3VzZXJfaGFzaCI6ImE0OTNiNGJiZjU1MDk4ZWFiOThmZjVmY2ExZTQyM2Q1ODMwMTE5MWYiLCJfYXV0aF91c2VyX2JhY2tlbmQiOiJkamFuZ28uY29udHJpYi5hdXRoLmJhY2tlbmRzLk1vZGVsQmFja2VuZCIsIl9hdXRoX3VzZXJfaWQiOjF9','2015-10-23 08:30:00'),('g9aglei4fcxcsumf796yvgtvpq508zyx','YmZiZWUzNWIyNzY1YWQ1OWMyMDJhZmVlOTMzN2E0MzEwOWZkOWU4Yjp7Il9hdXRoX3VzZXJfaGFzaCI6ImE0OTNiNGJiZjU1MDk4ZWFiOThmZjVmY2ExZTQyM2Q1ODMwMTE5MWYiLCJfYXV0aF91c2VyX2lkIjoxLCJfYXV0aF91c2VyX2JhY2tlbmQiOiJkamFuZ28uY29udHJpYi5hdXRoLmJhY2tlbmRzLk1vZGVsQmFja2VuZCJ9','2015-04-14 07:02:15'),('gajq0t1i5pm5o9b7y6hkrb1vb9zpbjbp','OTllMDBhMjVjMWExNGE3MDc1ZTU1ZmFjZGExY2ZkMzcwZWIyNzYyYTp7Il9hdXRoX3VzZXJfaWQiOjEsIl9hdXRoX3VzZXJfaGFzaCI6ImE0OTNiNGJiZjU1MDk4ZWFiOThmZjVmY2ExZTQyM2Q1ODMwMTE5MWYiLCJfYXV0aF91c2VyX2JhY2tlbmQiOiJkamFuZ28uY29udHJpYi5hdXRoLmJhY2tlbmRzLk1vZGVsQmFja2VuZCJ9','2015-07-13 03:51:41'),('ge5t32ccfi40e1j5h75syco8xrwfb5v2','OTllMDBhMjVjMWExNGE3MDc1ZTU1ZmFjZGExY2ZkMzcwZWIyNzYyYTp7Il9hdXRoX3VzZXJfaWQiOjEsIl9hdXRoX3VzZXJfaGFzaCI6ImE0OTNiNGJiZjU1MDk4ZWFiOThmZjVmY2ExZTQyM2Q1ODMwMTE5MWYiLCJfYXV0aF91c2VyX2JhY2tlbmQiOiJkamFuZ28uY29udHJpYi5hdXRoLmJhY2tlbmRzLk1vZGVsQmFja2VuZCJ9','2015-06-29 03:48:10'),('glgdzf7qztfc30yn08is2uddtth5wfds','YTRjY2NjZjI4NTg5MDA5YjI2ZjFjYTE2NGI4YjZlODA3YmIwNzFhYTp7Il9hdXRoX3VzZXJfaGFzaCI6ImE0OTNiNGJiZjU1MDk4ZWFiOThmZjVmY2ExZTQyM2Q1ODMwMTE5MWYiLCJfYXV0aF91c2VyX2JhY2tlbmQiOiJkamFuZ28uY29udHJpYi5hdXRoLmJhY2tlbmRzLk1vZGVsQmFja2VuZCIsIl9hdXRoX3VzZXJfaWQiOjF9','2015-11-23 02:36:17'),('gxx92ecewahcnh1uege61jhfatihlmy5','YzdkYjEwZDc4YmNlNjg0MzM1NDc4NjNjYjMyM2QzOWViNDBjMmMxNDp7Il9hdXRoX3VzZXJfaWQiOjEsIl9hdXRoX3VzZXJfYmFja2VuZCI6ImRqYW5nby5jb250cmliLmF1dGguYmFja2VuZHMuTW9kZWxCYWNrZW5kIiwiX2F1dGhfdXNlcl9oYXNoIjoiYTQ5M2I0YmJmNTUwOThlYWI5OGZmNWZjYTFlNDIzZDU4MzAxMTkxZiJ9','2015-08-11 06:11:36'),('h788rx2vou14xceiij75lwtntrk9eepb','YTVmNzcxNDFmM2U2MjhiY2JkNjViMDZkMDUwNzUyZGE1OTkxNTg0Njp7Il9hdXRoX3VzZXJfYmFja2VuZCI6ImRqYW5nby5jb250cmliLmF1dGguYmFja2VuZHMuTW9kZWxCYWNrZW5kIiwiX2F1dGhfdXNlcl9oYXNoIjoiYTQ5M2I0YmJmNTUwOThlYWI5OGZmNWZjYTFlNDIzZDU4MzAxMTkxZiIsIl9hdXRoX3VzZXJfaWQiOjF9','2015-11-06 06:42:17'),('hppgnah5h3vf8ghuptjcjvwasvix465x','OTllMDBhMjVjMWExNGE3MDc1ZTU1ZmFjZGExY2ZkMzcwZWIyNzYyYTp7Il9hdXRoX3VzZXJfaWQiOjEsIl9hdXRoX3VzZXJfaGFzaCI6ImE0OTNiNGJiZjU1MDk4ZWFiOThmZjVmY2ExZTQyM2Q1ODMwMTE5MWYiLCJfYXV0aF91c2VyX2JhY2tlbmQiOiJkamFuZ28uY29udHJpYi5hdXRoLmJhY2tlbmRzLk1vZGVsQmFja2VuZCJ9','2015-06-04 06:37:35'),('hrmed4dy8061fqzfw4qfny9rkmymm8ud','YzdkYjEwZDc4YmNlNjg0MzM1NDc4NjNjYjMyM2QzOWViNDBjMmMxNDp7Il9hdXRoX3VzZXJfaWQiOjEsIl9hdXRoX3VzZXJfYmFja2VuZCI6ImRqYW5nby5jb250cmliLmF1dGguYmFja2VuZHMuTW9kZWxCYWNrZW5kIiwiX2F1dGhfdXNlcl9oYXNoIjoiYTQ5M2I0YmJmNTUwOThlYWI5OGZmNWZjYTFlNDIzZDU4MzAxMTkxZiJ9','2015-06-25 02:16:37'),('i7u1z3nwxgonxrfcw5xcsz26qqinxp4w','YTRjY2NjZjI4NTg5MDA5YjI2ZjFjYTE2NGI4YjZlODA3YmIwNzFhYTp7Il9hdXRoX3VzZXJfaGFzaCI6ImE0OTNiNGJiZjU1MDk4ZWFiOThmZjVmY2ExZTQyM2Q1ODMwMTE5MWYiLCJfYXV0aF91c2VyX2JhY2tlbmQiOiJkamFuZ28uY29udHJpYi5hdXRoLmJhY2tlbmRzLk1vZGVsQmFja2VuZCIsIl9hdXRoX3VzZXJfaWQiOjF9','2015-03-19 07:40:55'),('ib0sq1g9tqpzdz0hfzzmc73276293mr2','YzdkYjEwZDc4YmNlNjg0MzM1NDc4NjNjYjMyM2QzOWViNDBjMmMxNDp7Il9hdXRoX3VzZXJfaWQiOjEsIl9hdXRoX3VzZXJfYmFja2VuZCI6ImRqYW5nby5jb250cmliLmF1dGguYmFja2VuZHMuTW9kZWxCYWNrZW5kIiwiX2F1dGhfdXNlcl9oYXNoIjoiYTQ5M2I0YmJmNTUwOThlYWI5OGZmNWZjYTFlNDIzZDU4MzAxMTkxZiJ9','2015-04-24 01:21:47'),('j677faqbl3fo4lnvq77yeb45gaba99o1','MjEyOWJjZGE2OTBlZTY3MDlmM2NjZjUyMzVlZDRmODhmM2QwZWQwZjp7Il9hdXRoX3VzZXJfaWQiOiIxIiwiX2F1dGhfdXNlcl9oYXNoIjoiMTdhMDljMTk0Zjk2MGY3MGI2ZDUzZDFkZjY4MDExN2IwNDNlY2FkOCIsIl9hdXRoX3VzZXJfYmFja2VuZCI6ImRqYW5nby5jb250cmliLmF1dGguYmFja2VuZHMuTW9kZWxCYWNrZW5kIn0=','2016-02-04 08:50:40'),('jbmrdx04miohj5itp8incctyp8ftnros','M2JjYTUxZDZkYTQ5YWY1NzViYzYzYWU3MDUxZmFjMzkzZGI0MTM2Mjp7Il9hdXRoX3VzZXJfYmFja2VuZCI6ImRqYW5nby5jb250cmliLmF1dGguYmFja2VuZHMuTW9kZWxCYWNrZW5kIiwiX2F1dGhfdXNlcl9oYXNoIjoiMTdhMDljMTk0Zjk2MGY3MGI2ZDUzZDFkZjY4MDExN2IwNDNlY2FkOCIsIl9hdXRoX3VzZXJfaWQiOiIxIn0=','2016-01-21 06:49:45'),('k3ir5gcjhcgjksvd6xe4l9kbdhb59wi2','M2JjYTUxZDZkYTQ5YWY1NzViYzYzYWU3MDUxZmFjMzkzZGI0MTM2Mjp7Il9hdXRoX3VzZXJfYmFja2VuZCI6ImRqYW5nby5jb250cmliLmF1dGguYmFja2VuZHMuTW9kZWxCYWNrZW5kIiwiX2F1dGhfdXNlcl9oYXNoIjoiMTdhMDljMTk0Zjk2MGY3MGI2ZDUzZDFkZjY4MDExN2IwNDNlY2FkOCIsIl9hdXRoX3VzZXJfaWQiOiIxIn0=','2016-01-21 06:45:48'),('kzotqkeykwgdvppnnwn2v84zi8hqvakf','YmZiZWUzNWIyNzY1YWQ1OWMyMDJhZmVlOTMzN2E0MzEwOWZkOWU4Yjp7Il9hdXRoX3VzZXJfaGFzaCI6ImE0OTNiNGJiZjU1MDk4ZWFiOThmZjVmY2ExZTQyM2Q1ODMwMTE5MWYiLCJfYXV0aF91c2VyX2lkIjoxLCJfYXV0aF91c2VyX2JhY2tlbmQiOiJkamFuZ28uY29udHJpYi5hdXRoLmJhY2tlbmRzLk1vZGVsQmFja2VuZCJ9','2015-04-16 01:33:55'),('l2ebmqzqgtyjwrwwll5ym33t0sb6xyli','YWQzMWZjNzQ5YTdmOTkyZjYyM2QyMDNjMmM1ZjVlMzJjMDI3NGJjMDp7Il9hdXRoX3VzZXJfYmFja2VuZCI6ImRqYW5nby5jb250cmliLmF1dGguYmFja2VuZHMuTW9kZWxCYWNrZW5kIiwiX2F1dGhfdXNlcl9pZCI6MSwiX2F1dGhfdXNlcl9oYXNoIjoiYTQ5M2I0YmJmNTUwOThlYWI5OGZmNWZjYTFlNDIzZDU4MzAxMTkxZiJ9','2016-01-21 03:36:13'),('lbdigxt1uqn0eakb8mfegcshhac9syh8','YzdkYjEwZDc4YmNlNjg0MzM1NDc4NjNjYjMyM2QzOWViNDBjMmMxNDp7Il9hdXRoX3VzZXJfaWQiOjEsIl9hdXRoX3VzZXJfYmFja2VuZCI6ImRqYW5nby5jb250cmliLmF1dGguYmFja2VuZHMuTW9kZWxCYWNrZW5kIiwiX2F1dGhfdXNlcl9oYXNoIjoiYTQ5M2I0YmJmNTUwOThlYWI5OGZmNWZjYTFlNDIzZDU4MzAxMTkxZiJ9','2015-09-02 03:19:05'),('lkastlt1rmqtsguo52y86i6btpgcqxza','OTllMDBhMjVjMWExNGE3MDc1ZTU1ZmFjZGExY2ZkMzcwZWIyNzYyYTp7Il9hdXRoX3VzZXJfaWQiOjEsIl9hdXRoX3VzZXJfaGFzaCI6ImE0OTNiNGJiZjU1MDk4ZWFiOThmZjVmY2ExZTQyM2Q1ODMwMTE5MWYiLCJfYXV0aF91c2VyX2JhY2tlbmQiOiJkamFuZ28uY29udHJpYi5hdXRoLmJhY2tlbmRzLk1vZGVsQmFja2VuZCJ9','2015-12-24 02:30:22'),('lkzq6qik1wsv89fdx1cjylmeu2jiuddx','YmZiZWUzNWIyNzY1YWQ1OWMyMDJhZmVlOTMzN2E0MzEwOWZkOWU4Yjp7Il9hdXRoX3VzZXJfaGFzaCI6ImE0OTNiNGJiZjU1MDk4ZWFiOThmZjVmY2ExZTQyM2Q1ODMwMTE5MWYiLCJfYXV0aF91c2VyX2lkIjoxLCJfYXV0aF91c2VyX2JhY2tlbmQiOiJkamFuZ28uY29udHJpYi5hdXRoLmJhY2tlbmRzLk1vZGVsQmFja2VuZCJ9','2015-10-07 06:41:01'),('lnwxaxnsvrxglsuiwhjf0piez6ken888','OTllMDBhMjVjMWExNGE3MDc1ZTU1ZmFjZGExY2ZkMzcwZWIyNzYyYTp7Il9hdXRoX3VzZXJfaWQiOjEsIl9hdXRoX3VzZXJfaGFzaCI6ImE0OTNiNGJiZjU1MDk4ZWFiOThmZjVmY2ExZTQyM2Q1ODMwMTE5MWYiLCJfYXV0aF91c2VyX2JhY2tlbmQiOiJkamFuZ28uY29udHJpYi5hdXRoLmJhY2tlbmRzLk1vZGVsQmFja2VuZCJ9','2015-06-10 03:29:35'),('m7h7wi28pviigm5qsu40cxhg108his1d','YzdkYjEwZDc4YmNlNjg0MzM1NDc4NjNjYjMyM2QzOWViNDBjMmMxNDp7Il9hdXRoX3VzZXJfaWQiOjEsIl9hdXRoX3VzZXJfYmFja2VuZCI6ImRqYW5nby5jb250cmliLmF1dGguYmFja2VuZHMuTW9kZWxCYWNrZW5kIiwiX2F1dGhfdXNlcl9oYXNoIjoiYTQ5M2I0YmJmNTUwOThlYWI5OGZmNWZjYTFlNDIzZDU4MzAxMTkxZiJ9','2015-06-26 05:50:23'),('nbl7qymxmgvk0k0fn2cr08osatumi7gp','YTRjY2NjZjI4NTg5MDA5YjI2ZjFjYTE2NGI4YjZlODA3YmIwNzFhYTp7Il9hdXRoX3VzZXJfaGFzaCI6ImE0OTNiNGJiZjU1MDk4ZWFiOThmZjVmY2ExZTQyM2Q1ODMwMTE5MWYiLCJfYXV0aF91c2VyX2JhY2tlbmQiOiJkamFuZ28uY29udHJpYi5hdXRoLmJhY2tlbmRzLk1vZGVsQmFja2VuZCIsIl9hdXRoX3VzZXJfaWQiOjF9','2015-09-11 07:55:38'),('o7hr3p1syv3vznkwk3ep1ogax86f6x6r','YTRjY2NjZjI4NTg5MDA5YjI2ZjFjYTE2NGI4YjZlODA3YmIwNzFhYTp7Il9hdXRoX3VzZXJfaGFzaCI6ImE0OTNiNGJiZjU1MDk4ZWFiOThmZjVmY2ExZTQyM2Q1ODMwMTE5MWYiLCJfYXV0aF91c2VyX2JhY2tlbmQiOiJkamFuZ28uY29udHJpYi5hdXRoLmJhY2tlbmRzLk1vZGVsQmFja2VuZCIsIl9hdXRoX3VzZXJfaWQiOjF9','2015-09-04 03:52:40'),('okue7mpz9hf0766rmolr6n92jcptj5ug','OTllMDBhMjVjMWExNGE3MDc1ZTU1ZmFjZGExY2ZkMzcwZWIyNzYyYTp7Il9hdXRoX3VzZXJfaWQiOjEsIl9hdXRoX3VzZXJfaGFzaCI6ImE0OTNiNGJiZjU1MDk4ZWFiOThmZjVmY2ExZTQyM2Q1ODMwMTE5MWYiLCJfYXV0aF91c2VyX2JhY2tlbmQiOiJkamFuZ28uY29udHJpYi5hdXRoLmJhY2tlbmRzLk1vZGVsQmFja2VuZCJ9','2015-06-15 03:06:48'),('ou2d37gnt9b5zmpkveew6tmwo4hw5wok','YmZiZWUzNWIyNzY1YWQ1OWMyMDJhZmVlOTMzN2E0MzEwOWZkOWU4Yjp7Il9hdXRoX3VzZXJfaGFzaCI6ImE0OTNiNGJiZjU1MDk4ZWFiOThmZjVmY2ExZTQyM2Q1ODMwMTE5MWYiLCJfYXV0aF91c2VyX2lkIjoxLCJfYXV0aF91c2VyX2JhY2tlbmQiOiJkamFuZ28uY29udHJpYi5hdXRoLmJhY2tlbmRzLk1vZGVsQmFja2VuZCJ9','2015-10-23 06:19:37'),('ps0s5w5w9mtu0kbrco87jwi5ry8djz69','YTRjY2NjZjI4NTg5MDA5YjI2ZjFjYTE2NGI4YjZlODA3YmIwNzFhYTp7Il9hdXRoX3VzZXJfaGFzaCI6ImE0OTNiNGJiZjU1MDk4ZWFiOThmZjVmY2ExZTQyM2Q1ODMwMTE5MWYiLCJfYXV0aF91c2VyX2JhY2tlbmQiOiJkamFuZ28uY29udHJpYi5hdXRoLmJhY2tlbmRzLk1vZGVsQmFja2VuZCIsIl9hdXRoX3VzZXJfaWQiOjF9','2015-09-09 06:06:02'),('q7mswmer5z4dpdoouqck8gwk6546g969','M2JjYTUxZDZkYTQ5YWY1NzViYzYzYWU3MDUxZmFjMzkzZGI0MTM2Mjp7Il9hdXRoX3VzZXJfYmFja2VuZCI6ImRqYW5nby5jb250cmliLmF1dGguYmFja2VuZHMuTW9kZWxCYWNrZW5kIiwiX2F1dGhfdXNlcl9oYXNoIjoiMTdhMDljMTk0Zjk2MGY3MGI2ZDUzZDFkZjY4MDExN2IwNDNlY2FkOCIsIl9hdXRoX3VzZXJfaWQiOiIxIn0=','2016-01-21 06:40:14'),('qhsvfbp1be47jhwdess5h1wi5984s35f','OTllMDBhMjVjMWExNGE3MDc1ZTU1ZmFjZGExY2ZkMzcwZWIyNzYyYTp7Il9hdXRoX3VzZXJfaWQiOjEsIl9hdXRoX3VzZXJfaGFzaCI6ImE0OTNiNGJiZjU1MDk4ZWFiOThmZjVmY2ExZTQyM2Q1ODMwMTE5MWYiLCJfYXV0aF91c2VyX2JhY2tlbmQiOiJkamFuZ28uY29udHJpYi5hdXRoLmJhY2tlbmRzLk1vZGVsQmFja2VuZCJ9','2015-07-21 02:46:49'),('rq9grom89hld6lefwwur5i7ldyj51tvc','OTllMDBhMjVjMWExNGE3MDc1ZTU1ZmFjZGExY2ZkMzcwZWIyNzYyYTp7Il9hdXRoX3VzZXJfaWQiOjEsIl9hdXRoX3VzZXJfaGFzaCI6ImE0OTNiNGJiZjU1MDk4ZWFiOThmZjVmY2ExZTQyM2Q1ODMwMTE5MWYiLCJfYXV0aF91c2VyX2JhY2tlbmQiOiJkamFuZ28uY29udHJpYi5hdXRoLmJhY2tlbmRzLk1vZGVsQmFja2VuZCJ9','2015-12-07 02:37:54'),('rr1hpcfdquwu9fl8k4vnoyrz6q1l42p9','MzIwY2NkY2Y0ZDQxNmNhNTFiZjkyNGY1ZWJiZmJlYmFlYzFmN2ExNjp7Il9hdXRoX3VzZXJfaGFzaCI6IjE3YTA5YzE5NGY5NjBmNzBiNmQ1M2QxZGY2ODAxMTdiMDQzZWNhZDgiLCJfYXV0aF91c2VyX2lkIjoiMSIsIl9hdXRoX3VzZXJfYmFja2VuZCI6ImRqYW5nby5jb250cmliLmF1dGguYmFja2VuZHMuTW9kZWxCYWNrZW5kIn0=','2016-03-02 07:34:32'),('rtzss2vlolf3pckt9znqpf62mhneaoy1','OTllMDBhMjVjMWExNGE3MDc1ZTU1ZmFjZGExY2ZkMzcwZWIyNzYyYTp7Il9hdXRoX3VzZXJfaWQiOjEsIl9hdXRoX3VzZXJfaGFzaCI6ImE0OTNiNGJiZjU1MDk4ZWFiOThmZjVmY2ExZTQyM2Q1ODMwMTE5MWYiLCJfYXV0aF91c2VyX2JhY2tlbmQiOiJkamFuZ28uY29udHJpYi5hdXRoLmJhY2tlbmRzLk1vZGVsQmFja2VuZCJ9','2015-04-27 01:17:01'),('s2pctcl5jbihkot6rt8incn5z57nukse','OTllMDBhMjVjMWExNGE3MDc1ZTU1ZmFjZGExY2ZkMzcwZWIyNzYyYTp7Il9hdXRoX3VzZXJfaWQiOjEsIl9hdXRoX3VzZXJfaGFzaCI6ImE0OTNiNGJiZjU1MDk4ZWFiOThmZjVmY2ExZTQyM2Q1ODMwMTE5MWYiLCJfYXV0aF91c2VyX2JhY2tlbmQiOiJkamFuZ28uY29udHJpYi5hdXRoLmJhY2tlbmRzLk1vZGVsQmFja2VuZCJ9','2015-04-08 09:07:21'),('sgypqcsp6h5fgaa41tz54mt8dlwvh7pq','YTVmNzcxNDFmM2U2MjhiY2JkNjViMDZkMDUwNzUyZGE1OTkxNTg0Njp7Il9hdXRoX3VzZXJfYmFja2VuZCI6ImRqYW5nby5jb250cmliLmF1dGguYmFja2VuZHMuTW9kZWxCYWNrZW5kIiwiX2F1dGhfdXNlcl9oYXNoIjoiYTQ5M2I0YmJmNTUwOThlYWI5OGZmNWZjYTFlNDIzZDU4MzAxMTkxZiIsIl9hdXRoX3VzZXJfaWQiOjF9','2015-05-01 02:20:18'),('tbzu7f7gg8k97ognjglxzkg8yxdfomkc','MjEyOWJjZGE2OTBlZTY3MDlmM2NjZjUyMzVlZDRmODhmM2QwZWQwZjp7Il9hdXRoX3VzZXJfaWQiOiIxIiwiX2F1dGhfdXNlcl9oYXNoIjoiMTdhMDljMTk0Zjk2MGY3MGI2ZDUzZDFkZjY4MDExN2IwNDNlY2FkOCIsIl9hdXRoX3VzZXJfYmFja2VuZCI6ImRqYW5nby5jb250cmliLmF1dGguYmFja2VuZHMuTW9kZWxCYWNrZW5kIn0=','2016-02-04 06:54:31'),('wvwoqutmch65y8gnhj1aq569r5efwpps','YTVmNzcxNDFmM2U2MjhiY2JkNjViMDZkMDUwNzUyZGE1OTkxNTg0Njp7Il9hdXRoX3VzZXJfYmFja2VuZCI6ImRqYW5nby5jb250cmliLmF1dGguYmFja2VuZHMuTW9kZWxCYWNrZW5kIiwiX2F1dGhfdXNlcl9oYXNoIjoiYTQ5M2I0YmJmNTUwOThlYWI5OGZmNWZjYTFlNDIzZDU4MzAxMTkxZiIsIl9hdXRoX3VzZXJfaWQiOjF9','2015-05-21 06:25:20'),('y54a55wb5e1chsoaeiat000funsanvsi','OTllMDBhMjVjMWExNGE3MDc1ZTU1ZmFjZGExY2ZkMzcwZWIyNzYyYTp7Il9hdXRoX3VzZXJfaWQiOjEsIl9hdXRoX3VzZXJfaGFzaCI6ImE0OTNiNGJiZjU1MDk4ZWFiOThmZjVmY2ExZTQyM2Q1ODMwMTE5MWYiLCJfYXV0aF91c2VyX2JhY2tlbmQiOiJkamFuZ28uY29udHJpYi5hdXRoLmJhY2tlbmRzLk1vZGVsQmFja2VuZCJ9','2015-07-07 00:52:00'),('yef7b8vip3nq5bhj0jbkj0la7koap3as','YTRjY2NjZjI4NTg5MDA5YjI2ZjFjYTE2NGI4YjZlODA3YmIwNzFhYTp7Il9hdXRoX3VzZXJfaGFzaCI6ImE0OTNiNGJiZjU1MDk4ZWFiOThmZjVmY2ExZTQyM2Q1ODMwMTE5MWYiLCJfYXV0aF91c2VyX2JhY2tlbmQiOiJkamFuZ28uY29udHJpYi5hdXRoLmJhY2tlbmRzLk1vZGVsQmFja2VuZCIsIl9hdXRoX3VzZXJfaWQiOjF9','2015-09-03 08:51:02'),('yrm733wuh7qeal3jkagbaj5380e0nip4','YTVmNzcxNDFmM2U2MjhiY2JkNjViMDZkMDUwNzUyZGE1OTkxNTg0Njp7Il9hdXRoX3VzZXJfYmFja2VuZCI6ImRqYW5nby5jb250cmliLmF1dGguYmFja2VuZHMuTW9kZWxCYWNrZW5kIiwiX2F1dGhfdXNlcl9oYXNoIjoiYTQ5M2I0YmJmNTUwOThlYWI5OGZmNWZjYTFlNDIzZDU4MzAxMTkxZiIsIl9hdXRoX3VzZXJfaWQiOjF9','2015-05-06 07:08:36'),('z2n67ub7rp0ximnkjotj2601g2aremua','OTllMDBhMjVjMWExNGE3MDc1ZTU1ZmFjZGExY2ZkMzcwZWIyNzYyYTp7Il9hdXRoX3VzZXJfaWQiOjEsIl9hdXRoX3VzZXJfaGFzaCI6ImE0OTNiNGJiZjU1MDk4ZWFiOThmZjVmY2ExZTQyM2Q1ODMwMTE5MWYiLCJfYXV0aF91c2VyX2JhY2tlbmQiOiJkamFuZ28uY29udHJpYi5hdXRoLmJhY2tlbmRzLk1vZGVsQmFja2VuZCJ9','2015-12-24 08:46:42'),('z9q68hrfsplm11ggcc1ee32rpyhhc011','YzdkYjEwZDc4YmNlNjg0MzM1NDc4NjNjYjMyM2QzOWViNDBjMmMxNDp7Il9hdXRoX3VzZXJfaWQiOjEsIl9hdXRoX3VzZXJfYmFja2VuZCI6ImRqYW5nby5jb250cmliLmF1dGguYmFja2VuZHMuTW9kZWxCYWNrZW5kIiwiX2F1dGhfdXNlcl9oYXNoIjoiYTQ5M2I0YmJmNTUwOThlYWI5OGZmNWZjYTFlNDIzZDU4MzAxMTkxZiJ9','2015-08-11 09:32:15');

/*!40101 SET SQL_MODE=@OLD_SQL_MODE */;
/*!40014 SET FOREIGN_KEY_CHECKS=@OLD_FOREIGN_KEY_CHECKS */;
/*!40014 SET UNIQUE_CHECKS=@OLD_UNIQUE_CHECKS */;
/*!40111 SET SQL_NOTES=@OLD_SQL_NOTES */;
